ts,year_mean,year_max,month_mean,month_max,day_mean,day_max,hhmm_mean,hhmm_max,mjd_mean,mjd_max,P>1_mean,P>1_max,P>5_mean,P>5_max,P>10_mean,P>10_max,P>30_mean,P>30_max,P>50_mean,P>50_max,P>100_mean,P>100_max,E>0.8_mean,E>0.8_max,E>2.0_mean,E>2.0_max,E>4.0_mean,E>4.0_max,24,25,26,27,28,29,30,31,16,17,18,19,група
2017-08-28 00:00:00,2017.0,2017.0,8.0,8,28.0,28,27.5,55,57993.0,57993,1650.0,3300,9.778333333333332,19.4,0.32491666666666663,0.69,0.19291666666666665,0.314,0.09885000000000001,0.224,0.07758333333333332,0.178,0.040691666666666675,0.0793,20941.666666666668,23600,1011.5833333333334,1180.0,0.0,0.0,17.0,8,28,0,285.0,3.0,2017.0,8,28,82,тиха
2017-08-28 01:00:00,2017.0,2017.0,8.0,8,28.0,28,127.5,155,57993.0,57993,5250.0,6900,7.9941666666666675,13.6,0.29166666666666663,0.512,0.15658333333333332,0.259,0.07258333333333333,0.0919,0.058699999999999995,0.0798,0.02995,0.0471,18091.666666666668,20600,713.0,907.0,1.0,1.0,17.0,8,28,1,305.0,3.4,2017.0,8,28,82,тиха
2017-08-28 02:00:00,2017.0,2017.0,8.0,8,28.0,28,227.5,255,57993.0,57993,8850.0,10500,6.099166666666668,10.8,0.283,0.479,0.17766666666666667,0.321,0.08445000000000001,0.121,0.06964166666666667,0.111,0.035025,0.0595,14108.333333333334,15000,380.8333333333333,475.0,2.0,2.0,17.0,8,28,2,309.0,1.7,2017.0,8,28,82,тиха
2017-08-28 03:00:00,2017.0,2017.0,8.0,8,28.0,28,327.5,355,57993.0,57993,12450.0,14100,4.7525,7.76,0.2368333333333333,0.329,0.16633333333333336,0.244,0.08765833333333332,0.18,0.06809166666666668,0.139,0.03551666666666666,0.0818,12766.666666666666,13100,267.9166666666667,284.0,3.0,3.0,17.0,8,28,3,304.0,2.0,2017.0,8,28,82,тиха
2017-08-28 04:00:00,2017.0,2017.0,8.0,8,28.0,28,427.5,455,57993.0,57993,16050.0,17700,4.158333333333332,6.62,0.33491666666666675,0.539,0.20833333333333334,0.309,0.0848,0.153,0.07284999999999998,0.142,0.03970833333333334,0.0694,11333.333333333334,12300,203.0,234.0,4.0,4.0,17.0,8,28,4,302.0,2.3,2017.0,8,28,82,тиха
2017-08-28 05:00:00,2017.0,2017.0,8.0,8,28.0,28,527.5,555,57993.0,57993,19650.0,21300,2.9041666666666663,4.62,0.24033333333333337,0.41,0.1668333333333333,0.284,0.07729166666666666,0.114,0.06369166666666666,0.0932,0.034883333333333336,0.0669,9685.833333333334,10700,152.41666666666666,180.0,5.0,5.0,17.0,8,28,5,304.0,2.4,2017.0,8,28,82,тиха
2017-08-28 06:00:00,2017.0,2017.0,8.0,8,28.0,28,627.5,655,57993.0,57993,23250.0,24900,3.4216666666666673,4.94,0.28191666666666665,0.43,0.16341666666666668,0.249,0.08384166666666665,0.116,0.06699166666666667,0.106,0.03758333333333334,0.0818,8650.0,9200,127.91666666666667,137.0,6.0,6.0,17.0,8,28,6,319.0,3.2,2017.0,8,28,82,тиха
2017-08-28 07:00:00,2017.0,2017.0,8.0,8,28.0,28,727.5,755,57993.0,57993,26850.0,28500,2.978333333333333,3.93,0.3245833333333333,0.601,0.19666666666666668,0.316,0.10028333333333332,0.165,0.07681666666666666,0.155,0.03933333333333333,0.0769,6424.166666666667,7600,95.49166666666667,110.0,7.0,7.0,17.0,8,28,7,319.0,2.8,2017.0,8,28,82,тиха
2017-08-28 08:00:00,2017.0,2017.0,8.0,8,28.0,28,827.5,855,57993.0,57993,30450.0,32100,2.611666666666667,3.96,0.30233333333333334,0.495,0.18774999999999997,0.28,0.09534999999999998,0.219,0.07446666666666667,0.138,0.03768333333333333,0.062,4602.5,5210,70.01666666666667,79.8,8.0,8.0,17.0,8,28,8,319.0,3.2,2017.0,8,28,82,тиха
2017-08-28 09:00:00,2017.0,2017.0,8.0,8,28.0,28,927.5,955,57993.0,57993,34050.0,35700,2.5541666666666667,3.98,0.29366666666666663,0.608,0.17958333333333334,0.258,0.09655833333333334,0.136,0.07619166666666667,0.109,0.03883333333333333,0.0595,4761.666666666667,4960,82.34166666666668,89.6,9.0,9.0,17.0,8,28,9,306.0,4.0,2017.0,8,28,82,тиха
2017-08-28 10:00:00,2017.0,2017.0,8.0,8,28.0,28,1027.5,1055,57993.0,57993,37650.0,39300,2.3875,3.32,0.29908333333333337,0.491,0.19283333333333333,0.407,0.09742499999999998,0.141,0.06743333333333335,0.106,0.038391666666666664,0.0744,4598.333333333333,4950,89.7,108.0,10.0,10.0,17.0,8,28,10,305.0,4.0,2017.0,8,28,82,тиха
2017-08-28 11:00:00,2017.0,2017.0,8.0,8,28.0,28,1127.5,1155,57993.0,57993,41250.0,42900,2.3833333333333333,3.16,0.28758333333333336,0.459,0.1729166666666667,0.326,0.08349166666666664,0.141,0.06394166666666666,0.102,0.03169166666666667,0.0645,5865.833333333333,7240,124.83333333333333,156.0,11.0,11.0,17.0,8,28,11,307.0,3.3,2017.0,8,28,82,тиха
2017-08-28 12:00:00,2017.0,2017.0,8.0,8,28.0,28,1227.5,1255,57993.0,57993,44850.0,46500,2.5124999999999997,3.92,0.25375000000000003,0.418,0.16775000000000004,0.257,0.09288333333333333,0.128,0.070075,0.0962,0.04043333333333334,0.0719,9123.333333333334,11000,208.41666666666666,246.0,12.0,12.0,17.0,8,28,12,303.0,2.9,2017.0,8,28,82,тиха
2017-08-28 13:00:00,2017.0,2017.0,8.0,8,28.0,28,1327.5,1355,57993.0,57993,48450.0,50100,3.254166666666667,4.92,0.3060833333333333,0.671,0.17525,0.358,0.08556666666666667,0.15,0.06236666666666666,0.0892,0.030258333333333335,0.0491,12200.0,13000,264.3333333333333,271.0,13.0,13.0,17.0,8,28,13,306.0,2.8,2017.0,8,28,82,тиха
2017-08-28 14:00:00,2017.0,2017.0,8.0,8,28.0,28,1427.5,1455,57993.0,57993,52050.0,53700,2.59,3.28,0.24449999999999997,0.373,0.19325000000000003,0.334,0.11379166666666664,0.274,0.09004166666666667,0.184,0.048933333333333336,0.0823,13875.0,14300,303.1666666666667,323.0,14.0,14.0,17.0,8,28,14,294.0,3.2,2017.0,8,28,82,тиха
2017-08-28 15:00:00,2017.0,2017.0,8.0,8,28.0,28,1527.5,1555,57993.0,57993,55650.0,57300,3.0933333333333337,4.32,0.29291666666666666,0.431,0.19799999999999998,0.338,0.08984166666666665,0.153,0.06795833333333333,0.143,0.035875000000000004,0.062,15925.0,17000,406.25,478.0,15.0,15.0,17.0,8,28,15,303.0,2.0,2017.0,8,28,82,тиха
2017-08-28 16:00:00,2017.0,2017.0,8.0,8,28.0,28,1627.5,1655,57993.0,57993,59250.0,60900,3.616666666666667,5.11,0.30650000000000005,0.524,0.20074999999999998,0.363,0.10075833333333332,0.161,0.07719999999999999,0.125,0.04452500000000001,0.0769,18016.666666666668,18800,557.0,599.0,16.0,16.0,17.0,8,28,16,307.0,1.5,2017.0,8,28,82,тиха
2017-08-28 17:00:00,2017.0,2017.0,8.0,8,28.0,28,1727.5,1755,57993.0,57993,62850.0,64500,3.9725,5.23,0.29849999999999993,0.656,0.19391666666666663,0.359,0.10299166666666665,0.195,0.08290833333333333,0.145,0.043333333333333335,0.0854,20050.0,20800,591.5833333333334,615.0,17.0,17.0,17.0,8,28,17,309.0,0.9,2017.0,8,28,82,тиха
2017-08-28 18:00:00,2017.0,2017.0,8.0,8,28.0,28,1827.5,1855,57993.0,57993,66450.0,68100,4.538333333333333,5.85,0.2750833333333334,0.383,0.16374999999999998,0.252,0.09037499999999998,0.192,0.07248333333333333,0.161,0.0356,0.062,20883.333333333332,21900,592.4166666666666,609.0,18.0,18.0,17.0,8,28,18,302.0,1.5,2017.0,8,28,82,тиха
2017-08-28 19:00:00,2017.0,2017.0,8.0,8,28.0,28,1927.5,1955,57993.0,57993,70050.0,71700,4.429166666666667,4.94,0.22066666666666665,0.302,0.17016666666666666,0.256,0.09152500000000001,0.131,0.07116666666666667,0.121,0.03589166666666666,0.0509,22058.333333333332,22200,585.3333333333334,605.0,19.0,19.0,17.0,8,28,19,294.0,2.0,2017.0,8,28,82,тиха
2017-08-28 20:00:00,2017.0,2017.0,8.0,8,28.0,28,2027.5,2055,57993.0,57993,73650.0,75300,5.4575000000000005,7.04,0.20233333333333334,0.28,0.1420833333333333,0.19,0.0727,0.106,0.05351666666666666,0.0683,0.026741666666666664,0.036,23108.333333333332,24100,666.8333333333334,727.0,20.0,20.0,17.0,8,28,20,297.0,3.2,2017.0,8,28,82,тиха
2017-08-28 21:00:00,2017.0,2017.0,8.0,8,28.0,28,2127.5,2155,57993.0,57993,77250.0,78900,5.88,8.62,0.22674999999999998,0.411,0.16883333333333336,0.226,0.09745,0.144,0.08141666666666666,0.133,0.04758333333333333,0.0707,24550.0,24800,773.0833333333334,792.0,21.0,21.0,17.0,8,28,21,299.0,2.8,2017.0,8,28,82,тиха
2017-08-28 22:00:00,2017.0,2017.0,8.0,8,28.0,28,2227.5,2255,57993.0,57993,80850.0,82500,6.835833333333334,8.59,0.23758333333333334,0.521,0.18116666666666667,0.409,0.10219166666666668,0.212,0.0709,0.126,0.03634999999999999,0.0779,25641.666666666668,26800,775.1666666666666,804.0,22.0,22.0,17.0,8,28,22,309.0,2.9,2017.0,8,28,82,тиха
2017-08-28 23:00:00,2017.0,2017.0,8.0,8,28.0,28,2327.5,2355,57993.0,57993,84450.0,86100,6.745,9.76,0.27425000000000005,0.392,0.19799999999999998,0.282,0.11245833333333333,0.147,0.0835,0.121,0.04238333333333333,0.0856,24866.666666666668,26000,742.1666666666666,778.0,23.0,23.0,17.0,8,28,23,309.0,3.2,2017.0,8,28,82,тиха
2017-08-29 00:00:00,2017.0,2017.0,8.0,8,29.0,29,27.5,55,57994.0,57994,1650.0,3300,5.596666666666667,7.13,0.23550000000000001,0.392,0.17458333333333334,0.274,0.09642500000000002,0.165,0.07936666666666667,0.154,0.04372500000000001,0.0879,20658.333333333332,23300,494.6666666666667,699.0,0.0,0.0,17.0,8,29,0,325.0,2.1,2017.0,8,29,84,тиха
2017-08-29 01:00:00,2017.0,2017.0,8.0,8,29.0,29,127.5,155,57994.0,57994,5250.0,6900,4.759166666666666,6.86,0.237,0.376,0.1635,0.217,0.09116666666666667,0.131,0.07430833333333332,0.101,0.03554166666666666,0.0608,15375.0,17000,277.4166666666667,325.0,1.0,1.0,17.0,8,29,1,307.0,1.5,2017.0,8,29,84,тиха
2017-08-29 02:00:00,2017.0,2017.0,8.0,8,29.0,29,227.5,255,57994.0,57994,8850.0,10500,3.2241666666666666,5.35,0.24125,0.449,0.1779166666666667,0.358,0.10173333333333333,0.298,0.076025,0.19,0.035958333333333335,0.0781,14350.0,15000,302.0833333333333,330.0,2.0,2.0,17.0,8,29,2,340.0,1.9,2017.0,8,29,84,тиха
2017-08-29 03:00:00,2017.0,2017.0,8.0,8,29.0,29,327.5,355,57994.0,57994,12450.0,14100,2.6316666666666664,2.91,0.21258333333333335,0.415,0.16008333333333333,0.295,0.08325,0.178,0.07250833333333333,0.167,0.03830833333333333,0.0738,12625.0,13300,251.5,281.0,3.0,3.0,17.0,8,29,3,348.0,2.6,2017.0,8,29,84,тиха
2017-08-29 04:00:00,2017.0,2017.0,8.0,8,29.0,29,427.5,455,57994.0,57994,16050.0,17700,2.255,3.77,0.21491666666666667,0.322,0.15133333333333335,0.219,0.07796666666666667,0.116,0.06648333333333332,0.105,0.03611666666666667,0.0806,10502.5,11200,199.25,220.0,4.0,4.0,17.0,8,29,4,349.0,2.8,2017.0,8,29,84,тиха
2017-08-29 05:00:00,2017.0,2017.0,8.0,8,29.0,29,527.5,555,57994.0,57994,19650.0,21300,1.16575,1.84,0.20600000000000004,0.293,0.14991666666666664,0.212,0.08514166666666666,0.119,0.07336666666666666,0.108,0.03880833333333333,0.0682,8255.833333333334,9910,211.0,267.0,5.0,5.0,17.0,8,29,5,348.0,2.8,2017.0,8,29,84,тиха
2017-08-29 06:00:00,2017.0,2017.0,8.0,8,29.0,29,627.5,655,57994.0,57994,23250.0,24900,1.1945000000000003,2.29,0.2561666666666667,0.647,0.16966666666666666,0.252,0.08293333333333333,0.119,0.07180833333333334,0.108,0.040075,0.0658,7470.833333333333,8920,263.3333333333333,336.0,6.0,6.0,17.0,8,29,6,346.0,2.6,2017.0,8,29,84,тиха
2017-08-29 07:00:00,2017.0,2017.0,8.0,8,29.0,29,727.5,755,57994.0,57994,26850.0,28500,1.2418333333333333,1.99,0.23358333333333334,0.392,0.15891666666666665,0.224,0.08525833333333332,0.127,0.07022499999999998,0.117,0.036216666666666654,0.0776,9573.333333333334,10800,402.0,419.0,7.0,7.0,17.0,8,29,7,344.0,3.6,2017.0,8,29,84,тиха
2017-08-29 08:00:00,2017.0,2017.0,8.0,8,29.0,29,827.5,855,57994.0,57994,30450.0,32100,1.2751666666666666,1.71,0.26433333333333336,0.447,0.19141666666666665,0.363,0.08463333333333334,0.132,0.06739166666666666,0.102,0.03398333333333333,0.0583,8770.0,9240,348.6666666666667,393.0,8.0,8.0,17.0,8,29,8,339.0,3.0,2017.0,8,29,84,тиха
2017-08-29 09:00:00,2017.0,2017.0,8.0,8,29.0,29,927.5,955,57994.0,57994,34050.0,35700,1.1301666666666668,1.43,0.22608333333333333,0.339,0.1795,0.293,0.09735,0.234,0.07623333333333332,0.149,0.04130833333333333,0.0831,8353.333333333334,8890,318.5833333333333,337.0,9.0,9.0,17.0,8,29,9,303.0,3.7,2017.0,8,29,84,тиха
2017-08-29 10:00:00,2017.0,2017.0,8.0,8,29.0,29,1027.5,1055,57994.0,57994,37650.0,39300,1.3024999999999998,1.99,0.25858333333333333,0.466,0.19041666666666668,0.276,0.11369999999999998,0.191,0.09030833333333332,0.163,0.04945,0.0873,10235.0,11700,420.0,504.0,10.0,10.0,17.0,8,29,10,292.0,5.0,2017.0,8,29,84,тиха
2017-08-29 11:00:00,2017.0,2017.0,8.0,8,29.0,29,1127.5,1155,57994.0,57994,41250.0,42900,1.4158333333333333,2.26,0.24766666666666662,0.398,0.17783333333333332,0.213,0.08980833333333334,0.137,0.0666,0.114,0.035225,0.0608,12233.333333333334,13000,542.1666666666666,573.0,11.0,11.0,17.0,8,29,11,293.0,4.7,2017.0,8,29,84,тиха
2017-08-29 12:00:00,2017.0,2017.0,8.0,8,29.0,29,1227.5,1255,57994.0,57994,44850.0,46500,1.5441666666666667,2.33,0.24024999999999996,0.349,0.16841666666666666,0.24,0.09018333333333335,0.119,0.06490833333333333,0.0829,0.03195,0.0583,13450.0,14800,614.8333333333334,696.0,12.0,12.0,17.0,8,29,12,308.0,4.7,2017.0,8,29,84,тиха
2017-08-29 13:00:00,2017.0,2017.0,8.0,8,29.0,29,1327.5,1355,57994.0,57994,48450.0,50100,2.254166666666667,3.19,0.27699999999999997,0.48,0.20183333333333334,0.335,0.10368333333333334,0.223,0.07694166666666666,0.142,0.0397,0.0645,16425.0,18200,767.4166666666666,836.0,13.0,13.0,17.0,8,29,13,287.0,4.8,2017.0,8,29,84,тиха
2017-08-29 14:00:00,2017.0,2017.0,8.0,8,29.0,29,1427.5,1455,57994.0,57994,52050.0,53700,2.8800000000000003,4.03,0.2634166666666667,0.382,0.18958333333333335,0.3,0.09569166666666667,0.161,0.07204999999999999,0.114,0.03763333333333333,0.0791,19750.0,20800,912.8333333333334,988.0,14.0,14.0,17.0,8,29,14,279.0,4.7,2017.0,8,29,84,тиха
2017-08-29 15:00:00,2017.0,2017.0,8.0,8,29.0,29,1527.5,1555,57994.0,57994,55650.0,57300,3.3633333333333333,4.45,0.21799999999999997,0.329,0.16341666666666668,0.223,0.08837500000000002,0.153,0.06936666666666667,0.093,0.03098333333333333,0.0517,22191.666666666668,23300,1063.5833333333333,1130.0,15.0,15.0,17.0,8,29,15,277.0,5.1,2017.0,8,29,84,тиха
2017-08-29 16:00:00,2017.0,2017.0,8.0,8,29.0,29,1627.5,1655,57994.0,57994,59250.0,60900,4.3291666666666675,7.18,0.21808333333333332,0.327,0.1725,0.281,0.086175,0.141,0.06539166666666665,0.112,0.03519166666666666,0.0658,24575.0,27500,1229.1666666666667,1390.0,16.0,16.0,17.0,8,29,16,348.0,5.1,2017.0,8,29,84,тиха
2017-08-29 17:00:00,2017.0,2017.0,8.0,8,29.0,29,1727.5,1755,57994.0,57994,62850.0,64500,13.030833333333332,27.2,0.2880833333333334,0.599,0.19466666666666665,0.328,0.09440833333333333,0.139,0.06765833333333332,0.095,0.038608333333333335,0.0707,31933.333333333332,36400,1787.5,2250.0,17.0,17.0,17.0,8,29,17,352.0,5.9,2017.0,8,29,84,тиха
2017-08-29 18:00:00,2017.0,2017.0,8.0,8,29.0,29,1827.5,1855,57994.0,57994,66450.0,68100,22.583333333333332,32.4,0.24891666666666665,0.36,0.19358333333333333,0.314,0.08666666666666667,0.122,0.06873333333333333,0.1,0.040158333333333324,0.0761,34658.333333333336,37700,2315.0,2570.0,18.0,18.0,17.0,8,29,18,349.0,6.5,2017.0,8,29,84,тиха
2017-08-29 19:00:00,2017.0,2017.0,8.0,8,29.0,29,1927.5,1955,57994.0,57994,70050.0,71700,30.0,50.0,0.24516666666666667,0.343,0.17308333333333334,0.297,0.09528333333333332,0.119,0.06706666666666668,0.109,0.03418333333333333,0.0767,37591.666666666664,41100,2950.0,3430.0,19.0,19.0,17.0,8,29,19,361.0,5.8,2017.0,8,29,84,тиха
2017-08-29 20:00:00,2017.0,2017.0,8.0,8,29.0,29,2027.5,2055,57994.0,57994,73650.0,75300,36.30833333333333,45.4,0.21908333333333332,0.277,0.16691666666666669,0.209,0.09456666666666667,0.12,0.08249166666666666,0.11,0.051583333333333335,0.0854,42733.333333333336,46800,4338.333333333333,5210.0,20.0,20.0,17.0,8,29,20,354.0,4.5,2017.0,8,29,84,тиха
2017-08-29 21:00:00,2017.0,2017.0,8.0,8,29.0,29,2127.5,2155,57994.0,57994,77250.0,78900,35.45833333333333,70.3,0.25375000000000003,0.423,0.19216666666666668,0.327,0.09185833333333332,0.192,0.06853333333333332,0.115,0.03324999999999999,0.0569,26408.333333333332,39900,2369.1666666666665,4100.0,21.0,21.0,17.0,8,29,21,395.0,2.1,2017.0,8,29,84,тиха
2017-08-29 22:00:00,2017.0,2017.0,8.0,8,29.0,29,2227.5,2255,57994.0,57994,80850.0,82500,15.231666666666667,26.1,0.23091666666666666,0.303,0.18441666666666665,0.264,0.08946666666666668,0.157,0.06578333333333333,0.13,0.03333333333333333,0.0631,10654.166666666666,16200,538.75,1190.0,22.0,22.0,17.0,8,29,22,398.0,1.4,2017.0,8,29,84,тиха
2017-08-29 23:00:00,2017.0,2017.0,8.0,8,29.0,29,2327.5,2355,57994.0,57994,84450.0,86100,6.43,11.9,0.2515833333333333,0.394,0.17416666666666666,0.258,0.08465,0.145,0.0687,0.135,0.0377,0.0706,4778.333333333333,6370,116.19166666666668,174.0,23.0,23.0,17.0,8,29,23,392.0,1.8,2017.0,8,29,84,тиха
2017-08-30 00:00:00,2017.0,2017.0,8.0,8,30.0,30,27.5,55,57995.0,57995,1650.0,3300,3.5583333333333336,5.89,0.22525000000000003,0.319,0.1625,0.239,0.09845833333333333,0.181,0.0768,0.15,0.03559166666666667,0.0679,3382.5,3460,64.30833333333335,70.4,0.0,0.0,17.0,8,30,0,398.0,1.2,2017.0,8,30,87,тиха
2017-08-30 01:00:00,2017.0,2017.0,8.0,8,30.0,30,127.5,155,57995.0,57995,5250.0,6900,2.6316666666666664,3.79,0.26775,0.423,0.20233333333333334,0.33,0.11318333333333332,0.207,0.08503333333333334,0.131,0.03854166666666666,0.0532,3150.0,3480,55.75,67.3,1.0,1.0,17.0,8,30,1,385.0,1.9,2017.0,8,30,87,тиха
2017-08-30 02:00:00,2017.0,2017.0,8.0,8,30.0,30,227.5,255,57995.0,57995,8850.0,10500,1.16075,1.52,0.2234166666666667,0.34,0.1810833333333333,0.301,0.09321666666666667,0.182,0.07792500000000001,0.161,0.03875,0.0727,2000.8333333333333,2480,35.166666666666664,40.4,2.0,2.0,17.0,8,30,2,376.0,2.4,2017.0,8,30,87,тиха
2017-08-30 03:00:00,2017.0,2017.0,8.0,8,30.0,30,327.5,355,57995.0,57995,12450.0,14100,1.2859166666666668,2.47,0.21641666666666667,0.317,0.15991666666666668,0.268,0.08489999999999999,0.171,0.06641666666666667,0.118,0.030624999999999996,0.0455,2227.5,3000,32.81666666666667,45.1,3.0,3.0,17.0,8,30,3,375.0,2.7,2017.0,8,30,87,тиха
2017-08-30 04:00:00,2017.0,2017.0,8.0,8,30.0,30,427.5,455,57995.0,57995,16050.0,17700,1.5200000000000002,2.3,0.21391666666666673,0.397,0.15616666666666665,0.248,0.07633333333333332,0.162,0.062825,0.15,0.030549999999999997,0.0576,2905.0,3100,35.71666666666667,41.7,4.0,4.0,17.0,8,30,4,354.0,3.2,2017.0,8,30,87,тиха
2017-08-30 05:00:00,2017.0,2017.0,8.0,8,30.0,30,527.5,555,57995.0,57995,19650.0,21300,0.8989166666666667,1.5,0.2290833333333333,0.497,0.16416666666666668,0.278,0.07095833333333333,0.0948,0.057225,0.0746,0.029283333333333328,0.0458,1917.5,2310,19.275000000000002,21.6,5.0,5.0,17.0,8,30,5,351.0,3.4,2017.0,8,30,87,тиха
2017-08-30 06:00:00,2017.0,2017.0,8.0,8,30.0,30,627.5,655,57995.0,57995,23250.0,24900,0.6272499999999999,0.786,0.2103333333333333,0.287,0.15325000000000003,0.248,0.08253333333333333,0.135,0.06556666666666666,0.125,0.033716666666666666,0.0717,1537.5,1710,16.650000000000002,19.7,6.0,6.0,17.0,8,30,6,351.0,3.4,2017.0,8,30,87,тиха
2017-08-30 07:00:00,2017.0,2017.0,8.0,8,30.0,30,727.5,755,57995.0,57995,26850.0,28500,0.9867500000000001,2.71,0.25875000000000004,0.376,0.19825,0.337,0.09375,0.167,0.07768333333333334,0.156,0.03779166666666666,0.0616,1430.0,2220,18.933333333333334,31.6,7.0,7.0,17.0,8,30,7,349.0,3.6,2017.0,8,30,87,тиха
2017-08-30 08:00:00,2017.0,2017.0,8.0,8,30.0,30,827.5,855,57995.0,57995,30450.0,32100,1.0475,2.01,0.2631666666666667,0.568,0.17533333333333334,0.237,0.09761666666666667,0.16,0.07515000000000001,0.15,0.03438333333333333,0.0576,2310.8333333333335,2680,31.00833333333333,38.0,8.0,8.0,17.0,8,30,8,350.0,3.5,2017.0,8,30,87,тиха
2017-08-30 09:00:00,2017.0,2017.0,8.0,8,30.0,30,927.5,955,57995.0,57995,34050.0,35700,0.8761666666666668,1.41,0.2333333333333333,0.377,0.16691666666666663,0.248,0.08435,0.183,0.06613333333333334,0.14,0.031466666666666664,0.0515,2046.6666666666667,2170,26.125000000000004,30.2,9.0,9.0,17.0,8,30,9,349.0,2.9,2017.0,8,30,87,тиха
2017-08-30 10:00:00,2017.0,2017.0,8.0,8,30.0,30,1027.5,1055,57995.0,57995,37650.0,39300,0.7680833333333333,1.05,0.22141666666666668,0.428,0.1749166666666667,0.388,0.09000833333333332,0.154,0.07177499999999999,0.144,0.03628333333333333,0.0607,2173.3333333333335,2250,26.558333333333326,32.4,10.0,10.0,17.0,8,30,10,346.0,3.9,2017.0,8,30,87,тиха
2017-08-30 11:00:00,2017.0,2017.0,8.0,8,30.0,30,1127.5,1155,57995.0,57995,41250.0,42900,0.8050833333333333,1.05,0.21816666666666665,0.345,0.1761666666666667,0.306,0.09010833333333335,0.182,0.07258333333333333,0.145,0.03671666666666667,0.0755,2496.6666666666665,2650,32.15833333333334,36.1,11.0,11.0,17.0,8,30,11,346.0,3.8,2017.0,8,30,87,тиха
2017-08-30 12:00:00,2017.0,2017.0,8.0,8,30.0,30,1227.5,1255,57995.0,57995,44850.0,46500,1.0996666666666666,1.52,0.25633333333333336,0.352,0.17941666666666667,0.252,0.108325,0.185,0.08685833333333333,0.175,0.042,0.0656,2864.1666666666665,3090,37.483333333333334,43.1,12.0,12.0,17.0,8,30,12,346.0,3.1,2017.0,8,30,87,тиха
2017-08-30 13:00:00,2017.0,2017.0,8.0,8,30.0,30,1327.5,1355,57995.0,57995,48450.0,50100,1.2611666666666668,2.39,0.27175000000000005,0.567,0.19166666666666668,0.299,0.11061666666666668,0.234,0.08597500000000001,0.15,0.036375,0.0576,3490.8333333333335,3810,48.18333333333334,54.0,13.0,13.0,17.0,8,30,13,345.0,3.3,2017.0,8,30,87,тиха
2017-08-30 14:00:00,2017.0,2017.0,8.0,8,30.0,30,1427.5,1455,57995.0,57995,52050.0,53700,1.7374999999999998,2.46,0.2551666666666667,0.662,0.17983333333333332,0.36,0.09495833333333333,0.16,0.07185000000000001,0.125,0.036858333333333326,0.0716,4141.666666666667,4440,59.70000000000001,64.3,14.0,14.0,17.0,8,30,14,346.0,3.6,2017.0,8,30,87,тиха
2017-08-30 15:00:00,2017.0,2017.0,8.0,8,30.0,30,1527.5,1555,57995.0,57995,55650.0,57300,2.939166666666667,4.5,0.29433333333333334,0.687,0.20091666666666663,0.415,0.11178333333333335,0.163,0.09243333333333335,0.126,0.05047499999999999,0.078,4780.833333333333,5190,72.12499999999999,81.4,15.0,15.0,17.0,8,30,15,346.0,3.6,2017.0,8,30,87,тиха
2017-08-30 16:00:00,2017.0,2017.0,8.0,8,30.0,30,1627.5,1655,57995.0,57995,59250.0,60900,4.430833333333333,6.49,0.2501666666666667,0.353,0.1705833333333333,0.233,0.10599166666666666,0.176,0.08023333333333334,0.144,0.04259166666666667,0.0829,5827.5,6400,95.52499999999999,107.0,16.0,16.0,17.0,8,30,16,346.0,3.8,2017.0,8,30,87,тиха
2017-08-30 17:00:00,2017.0,2017.0,8.0,8,30.0,30,1727.5,1755,57995.0,57995,62850.0,64500,6.679999999999999,9.33,0.241,0.355,0.16841666666666666,0.254,0.09237499999999998,0.119,0.07569166666666664,0.102,0.046458333333333324,0.078,6992.5,7480,126.16666666666667,139.0,17.0,17.0,17.0,8,30,17,346.0,3.5,2017.0,8,30,87,тиха
2017-08-30 18:00:00,2017.0,2017.0,8.0,8,30.0,30,1827.5,1855,57995.0,57995,66450.0,68100,8.220833333333333,11.7,0.2544166666666667,0.458,0.18799999999999997,0.418,0.09665,0.169,0.07208333333333333,0.13,0.036974999999999994,0.073,7673.333333333333,8030,148.58333333333334,162.0,18.0,18.0,17.0,8,30,18,346.0,4.0,2017.0,8,30,87,тиха
2017-08-30 19:00:00,2017.0,2017.0,8.0,8,30.0,30,1927.5,1955,57995.0,57995,70050.0,71700,9.847499999999998,14.8,0.26725,0.379,0.2066666666666667,0.341,0.10039166666666666,0.168,0.07869166666666666,0.157,0.04400833333333334,0.0828,8290.0,8480,167.25,176.0,19.0,19.0,17.0,8,30,19,346.0,3.9,2017.0,8,30,87,тиха
2017-08-30 20:00:00,2017.0,2017.0,8.0,8,30.0,30,2027.5,2055,57995.0,57995,73650.0,75300,9.129999999999999,14.6,0.27949999999999997,0.612,0.18025000000000002,0.336,0.08717499999999999,0.154,0.07119999999999999,0.142,0.037975,0.068,7723.333333333333,8150,151.41666666666666,171.0,20.0,20.0,17.0,8,30,20,346.0,4.0,2017.0,8,30,87,тиха
2017-08-30 21:00:00,2017.0,2017.0,8.0,8,30.0,30,2127.5,2155,57995.0,57995,77250.0,78900,8.630833333333333,12.3,0.28058333333333335,0.471,0.19725,0.433,0.09601666666666665,0.192,0.078025,0.161,0.04303333333333333,0.0704,7500.833333333333,7540,142.41666666666666,148.0,21.0,21.0,17.0,8,30,21,346.0,3.3,2017.0,8,30,87,тиха
2017-08-30 22:00:00,2017.0,2017.0,8.0,8,30.0,30,2227.5,2255,57995.0,57995,80850.0,82500,7.177500000000001,13.8,0.24783333333333335,0.408,0.18766666666666665,0.265,0.095675,0.154,0.07460833333333332,0.108,0.04335833333333333,0.0762,7148.333333333333,7380,129.16666666666666,137.0,22.0,22.0,17.0,8,30,22,345.0,4.2,2017.0,8,30,87,тиха
2017-08-30 23:00:00,2017.0,2017.0,8.0,8,30.0,30,2327.5,2355,57995.0,57995,84450.0,86100,6.140000000000001,8.77,0.25325,0.417,0.19291666666666665,0.327,0.09245833333333335,0.156,0.07085833333333334,0.109,0.03745833333333334,0.0648,6687.5,6840,116.16666666666667,122.0,23.0,23.0,17.0,8,30,23,345.0,4.5,2017.0,8,30,87,тиха
2017-08-31 00:00:00,2017.0,2017.0,8.0,8,31.0,31,27.5,55,57996.0,57996,1650.0,3300,4.891666666666667,7.61,0.25033333333333335,0.392,0.18366666666666664,0.269,0.11184166666666667,0.211,0.08640833333333335,0.171,0.04419166666666666,0.067,6091.666666666667,6430,99.50833333333334,110.0,0.0,0.0,17.0,8,31,0,346.0,2.6,2017.0,8,31,92,тиха
2017-08-31 01:00:00,2017.0,2017.0,8.0,8,31.0,31,127.5,155,57996.0,57996,5250.0,6900,4.125833333333333,5.64,0.2800833333333333,0.584,0.2034166666666667,0.302,0.09465833333333333,0.168,0.07655833333333333,0.117,0.04349999999999999,0.0754,5319.166666666667,5770,79.31666666666666,90.0,1.0,1.0,17.0,8,31,1,358.0,7.7,2017.0,8,31,92,тиха
2017-08-31 02:00:00,2017.0,2017.0,8.0,8,31.0,31,227.5,255,57996.0,57996,8850.0,10500,4.653333333333333,7.93,0.2359166666666667,0.388,0.17716666666666667,0.243,0.10890833333333334,0.185,0.08798333333333332,0.174,0.046291666666666655,0.0892,4360.833333333333,5380,47.300000000000004,61.2,2.0,2.0,17.0,8,31,2,360.0,8.0,2017.0,8,31,92,тиха
2017-08-31 03:00:00,2017.0,2017.0,8.0,8,31.0,31,327.5,355,57996.0,57996,12450.0,14100,3.265,5.36,0.2780833333333334,0.68,0.1879166666666667,0.36,0.09082499999999999,0.154,0.07284166666666668,0.142,0.03633333333333333,0.0668,3311.6666666666665,3980,29.799999999999994,41.8,3.0,3.0,17.0,8,31,3,355.0,11.8,2017.0,8,31,92,тиха
2017-08-31 04:00:00,2017.0,2017.0,8.0,8,31.0,31,427.5,455,57996.0,57996,16050.0,17700,2.233333333333333,3.24,0.2794166666666667,0.502,0.18633333333333335,0.367,0.08789999999999998,0.141,0.07498333333333332,0.13,0.04319166666666666,0.0787,2234.1666666666665,2650,15.233333333333333,20.7,4.0,4.0,17.0,8,31,4,361.0,12.5,2017.0,8,31,92,тиха
2017-08-31 05:00:00,2017.0,2017.0,8.0,8,31.0,31,527.5,555,57996.0,57996,19650.0,21300,1.4894166666666664,3.22,0.24758333333333335,0.357,0.16958333333333334,0.316,0.08450833333333334,0.172,0.07116666666666667,0.158,0.0339,0.065,1071.0833333333333,1750,6.955000000000002,15.1,5.0,5.0,17.0,8,31,5,407.0,31.7,2017.0,8,31,92,тиха
2017-08-31 06:00:00,2017.0,2017.0,8.0,8,31.0,31,627.5,655,57996.0,57996,23250.0,24900,4.060833333333333,6.5,0.25166666666666665,0.414,0.17700000000000002,0.254,0.09074166666666665,0.142,0.073525,0.116,0.03924166666666667,0.0652,332.5,407,2.87625,5.58,6.0,6.0,17.0,8,31,6,467.0,24.2,2017.0,8,31,92,тиха
2017-08-31 07:00:00,2017.0,2017.0,8.0,8,31.0,31,727.5,755,57996.0,57996,26850.0,28500,1.7113333333333334,3.54,0.24116666666666664,0.359,0.15466666666666665,0.21,0.08313333333333332,0.133,0.062425,0.0934,0.032916666666666664,0.0605,475.0,1070,7.452500000000001,12.8,7.0,7.0,17.0,8,31,7,588.0,7.1,2017.0,8,31,92,тиха
2017-08-31 08:00:00,2017.0,2017.0,8.0,8,31.0,31,827.5,855,57996.0,57996,30450.0,32100,5.203166666666667,22.4,0.289,0.414,0.19500000000000003,0.316,0.08105,0.135,0.064,0.114,0.0336,0.058,914.4933333333333,3830,18.6275,64.9,8.0,8.0,17.0,8,31,8,608.0,5.2,2017.0,8,31,92,тиха
2017-08-31 09:00:00,2017.0,2017.0,8.0,8,31.0,31,927.5,955,57996.0,57996,34050.0,35700,47.75833333333333,161.0,0.2658333333333333,0.673,0.18958333333333333,0.297,0.10395833333333332,0.219,0.08440833333333332,0.208,0.04430833333333333,0.108,7764.166666666667,15500,255.91666666666666,701.0,9.0,9.0,17.0,8,31,9,626.0,4.5,2017.0,8,31,92,тиха
2017-08-31 10:00:00,2017.0,2017.0,8.0,8,31.0,31,1027.5,1055,57996.0,57996,37650.0,39300,6.947500000000001,13.6,0.2501666666666667,0.381,0.19349999999999998,0.343,0.10039166666666667,0.198,0.08225833333333334,0.177,0.04355,0.0853,3030.8333333333335,5720,42.2925,92.7,10.0,10.0,17.0,8,31,10,649.0,4.4,2017.0,8,31,92,тиха
2017-08-31 11:00:00,2017.0,2017.0,8.0,8,31.0,31,1127.5,1155,57996.0,57996,41250.0,42900,0.9172500000000002,1.73,0.20958333333333334,0.351,0.16316666666666668,0.313,0.09096666666666665,0.141,0.0687,0.106,0.0376,0.058,367.1950000000001,863,4.482166666666667,11.7,11.0,11.0,17.0,8,31,11,654.0,4.0,2017.0,8,31,92,тиха
2017-08-31 12:00:00,2017.0,2017.0,8.0,8,31.0,31,1227.5,1255,57996.0,57996,44850.0,46500,9.484416666666666,20.7,0.25833333333333336,0.528,0.18533333333333335,0.356,0.08313333333333332,0.143,0.061941666666666666,0.101,0.030691666666666662,0.0632,372.72499999999997,933,8.7125,19.7,12.0,12.0,17.0,8,31,12,633.0,3.4,2017.0,8,31,92,тиха
2017-08-31 13:00:00,2017.0,2017.0,8.0,8,31.0,31,1327.5,1355,57996.0,57996,48450.0,50100,51.03333333333333,105.0,0.2364166666666667,0.451,0.1645,0.264,0.08795833333333332,0.198,0.07151666666666666,0.163,0.03825,0.0631,1807.0833333333333,3700,24.683333333333337,35.5,13.0,13.0,17.0,8,31,13,609.0,3.3,2017.0,8,31,92,тиха
2017-08-31 14:00:00,2017.0,2017.0,8.0,8,31.0,31,1427.5,1455,57996.0,57996,52050.0,53700,62.25416666666667,231.0,0.2699166666666667,0.597,0.19666666666666666,0.322,0.08608333333333333,0.113,0.070975,0.0966,0.04351666666666667,0.0704,4909.166666666667,5770,28.983333333333334,35.5,14.0,14.0,17.0,8,31,14,602.0,3.2,2017.0,8,31,92,тиха
2017-08-31 15:00:00,2017.0,2017.0,8.0,8,31.0,31,1527.5,1555,57996.0,57996,55650.0,57300,10.489166666666666,18.5,0.2231666666666667,0.427,0.1628333333333333,0.259,0.10158333333333334,0.201,0.08168333333333333,0.19,0.04106666666666666,0.0842,6577.5,8780,32.233333333333334,46.8,15.0,15.0,17.0,8,31,15,600.0,3.4,2017.0,8,31,92,тиха
2017-08-31 16:00:00,2017.0,2017.0,8.0,8,31.0,31,1627.5,1655,57996.0,57996,59250.0,60900,11.461666666666668,15.4,0.24491666666666675,0.361,0.19683333333333333,0.322,0.10217500000000002,0.166,0.08285000000000001,0.155,0.044816666666666664,0.0813,13766.666666666666,17000,61.80833333333334,71.2,16.0,16.0,17.0,8,31,16,587.0,3.7,2017.0,8,31,92,тиха
2017-08-31 17:00:00,2017.0,2017.0,8.0,8,31.0,31,1727.5,1755,57996.0,57996,62850.0,64500,18.685,50.8,0.26983333333333337,0.645,0.18475,0.306,0.09825833333333334,0.161,0.079025,0.15,0.043175,0.0848,22725.0,28400,95.48333333333333,133.0,17.0,17.0,17.0,8,31,17,583.0,3.1,2017.0,8,31,92,тиха
2017-08-31 18:00:00,2017.0,2017.0,8.0,8,31.0,31,1827.5,1855,57996.0,57996,66450.0,68100,10.998333333333333,15.6,0.28025,0.492,0.18850000000000003,0.305,0.09777500000000001,0.154,0.07083333333333335,0.1,0.03966666666666666,0.0729,32383.333333333332,34500,172.66666666666666,193.0,18.0,18.0,17.0,8,31,18,573.0,3.0,2017.0,8,31,92,тиха
2017-08-31 19:00:00,2017.0,2017.0,8.0,8,31.0,31,1927.5,1955,57996.0,57996,70050.0,71700,17.520000000000003,46.2,0.26572727272727276,0.397,0.1949090909090909,0.309,0.07950909090909089,0.122,0.06689090909090908,0.111,0.03825454545454546,0.0855,37281.818181818184,43200,232.36363636363637,308.0,19.0,19.0,17.0,8,31,19,570.0,2.8,2017.0,8,31,92,тиха
2017-08-31 20:00:00,2017.0,2017.0,8.0,8,31.0,31,2027.5,2055,57996.0,57996,73650.0,75300,17.041666666666668,23.1,0.22141666666666662,0.353,0.162,0.316,0.08833333333333336,0.172,0.07155,0.123,0.04046666666666667,0.08,46675.0,51400,399.8333333333333,479.0,20.0,20.0,17.0,8,31,20,569.0,2.6,2017.0,8,31,92,тиха
2017-08-31 21:00:00,2017.0,2017.0,8.0,8,31.0,31,2127.5,2155,57996.0,57996,77250.0,78900,18.183333333333334,22.8,0.21208333333333332,0.347,0.16441666666666666,0.309,0.08695000000000001,0.19,0.07324166666666666,0.178,0.034325,0.0712,47291.666666666664,48900,420.9166666666667,484.0,21.0,21.0,17.0,8,31,21,568.0,2.3,2017.0,8,31,92,тиха
2017-08-31 22:00:00,2017.0,2017.0,8.0,8,31.0,31,2227.5,2255,57996.0,57996,80850.0,82500,23.40833333333333,36.4,0.25066666666666665,0.483,0.17333333333333334,0.26,0.07866666666666666,0.142,0.06605833333333334,0.131,0.036475,0.0879,53183.333333333336,57900,498.8333333333333,578.0,22.0,22.0,17.0,8,31,22,562.0,2.1,2017.0,8,31,92,тиха
2017-08-31 23:00:00,2017.0,2017.0,8.0,8,31.0,31,2327.5,2355,57996.0,57996,84450.0,86100,19.208333333333332,36.1,0.24316666666666667,0.495,0.17683333333333331,0.272,0.09864166666666667,0.181,0.08278333333333333,0.16,0.03828333333333333,0.0651,55975.0,59300,552.1666666666666,625.0,23.0,23.0,17.0,8,31,23,555.0,2.9,2017.0,8,31,92,тиха
2017-09-01 00:00:00,2017.0,2017.0,9.0,9,1.0,1,27.5,55,57997.0,57997,1650.0,3300,11.685833333333335,22.9,0.25758333333333333,0.518,0.1825,0.273,0.09224166666666667,0.209,0.07245,0.126,0.03676666666666667,0.0645,49658.333333333336,54200,387.75,516.0,0.0,0.0,17.0,9,1,0,556.0,3.0,2017.0,9,1,93,тиха
2017-09-01 01:00:00,2017.0,2017.0,9.0,9,1.0,1,127.5,155,57997.0,57997,5250.0,6900,5.2908333333333335,6.92,0.22866666666666668,0.324,0.17175000000000004,0.264,0.07789166666666666,0.143,0.0622,0.132,0.032225000000000004,0.0679,50075.0,55800,333.0,436.0,1.0,1.0,17.0,9,1,1,554.0,2.1,2017.0,9,1,93,тиха
2017-09-01 02:00:00,2017.0,2017.0,9.0,9,1.0,1,227.5,255,57997.0,57997,8850.0,10500,6.614166666666666,11.5,0.23758333333333334,0.341,0.157,0.219,0.08510833333333333,0.161,0.06631666666666665,0.15,0.03078333333333334,0.064,57058.333333333336,61800,516.25,559.0,2.0,2.0,17.0,9,1,2,536.0,1.5,2017.0,9,1,93,тиха
2017-09-01 03:00:00,2017.0,2017.0,9.0,9,1.0,1,327.5,355,57997.0,57997,12450.0,14100,4.840000000000001,9.15,0.3133333333333333,0.766,0.18650000000000003,0.397,0.08418333333333333,0.141,0.06893333333333333,0.13,0.037725,0.0645,36766.666666666664,54500,242.51666666666665,449.0,3.0,3.0,17.0,9,1,3,537.0,1.8,2017.0,9,1,93,тиха
2017-09-01 04:00:00,2017.0,2017.0,9.0,9,1.0,1,427.5,455,57997.0,57997,16050.0,17700,6.1225,10.5,0.24875,0.358,0.16774999999999998,0.32,0.079975,0.138,0.066275,0.109,0.03889166666666667,0.0793,56000.0,67000,568.0833333333334,854.0,4.0,4.0,17.0,9,1,4,546.0,3.0,2017.0,9,1,93,тиха
2017-09-01 05:00:00,2017.0,2017.0,9.0,9,1.0,1,527.5,555,57997.0,57997,19650.0,21300,5.088333333333333,7.91,0.23091666666666666,0.398,0.16650000000000004,0.361,0.08485833333333333,0.153,0.06854999999999999,0.142,0.03645833333333334,0.0864,39525.0,52900,355.6666666666667,566.0,5.0,5.0,17.0,9,1,5,572.0,3.1,2017.0,9,1,93,тиха
2017-09-01 06:00:00,2017.0,2017.0,9.0,9,1.0,1,627.5,655,57997.0,57997,23250.0,24900,4.650833333333334,7.43,0.22624999999999998,0.312,0.17458333333333334,0.231,0.08396666666666668,0.131,0.06304166666666668,0.101,0.03225833333333334,0.0496,30216.666666666668,33200,260.5833333333333,275.0,6.0,6.0,17.0,9,1,6,568.0,2.6,2017.0,9,1,93,тиха
2017-09-01 07:00:00,2017.0,2017.0,9.0,9,1.0,1,727.5,755,57997.0,57997,26850.0,28500,4.104166666666667,6.19,0.2970833333333333,0.593,0.1905,0.314,0.08896666666666668,0.132,0.0717,0.121,0.03718333333333334,0.0867,27158.333333333332,30000,245.58333333333334,280.0,7.0,7.0,17.0,9,1,7,597.0,4.1,2017.0,9,1,93,тиха
2017-09-01 08:00:00,2017.0,2017.0,9.0,9,1.0,1,827.5,855,57997.0,57997,30450.0,32100,3.9658333333333324,6.77,0.26425,0.449,0.16733333333333336,0.267,0.09713333333333335,0.206,0.07159166666666665,0.118,0.03966666666666667,0.0843,17233.333333333332,22900,147.54999999999998,201.0,8.0,8.0,17.0,9,1,8,604.0,5.2,2017.0,9,1,93,тиха
2017-09-01 09:00:00,2017.0,2017.0,9.0,9,1.0,1,927.5,955,57997.0,57997,34050.0,35700,2.263333333333333,3.89,0.22591666666666665,0.459,0.17433333333333334,0.362,0.08381666666666666,0.149,0.06749166666666666,0.125,0.0313,0.0488,20483.333333333332,26700,160.41666666666666,237.0,9.0,9.0,17.0,9,1,9,607.0,3.5,2017.0,9,1,93,тиха
2017-09-01 10:00:00,2017.0,2017.0,9.0,9,1.0,1,1027.5,1055,57997.0,57997,37650.0,39300,3.3349999999999995,6.07,0.30816666666666676,0.536,0.216,0.392,0.09075,0.12,0.07062499999999998,0.108,0.03751666666666667,0.0669,16708.333333333332,19500,121.8,154.0,10.0,10.0,17.0,9,1,10,648.0,2.1,2017.0,9,1,93,тиха
2017-09-01 11:00:00,2017.0,2017.0,9.0,9,1.0,1,1127.5,1155,57997.0,57997,41250.0,42900,1.600833333333333,2.39,0.23216666666666663,0.394,0.16808333333333336,0.251,0.09356666666666665,0.123,0.07811666666666665,0.112,0.05000000000000001,0.0867,7475.0,16100,52.425000000000004,82.3,11.0,11.0,17.0,9,1,11,641.0,2.6,2017.0,9,1,93,тиха
2017-09-01 12:00:00,2017.0,2017.0,9.0,9,1.0,1,1227.5,1255,57997.0,57997,44850.0,46500,4.664166666666667,27.9,0.22974999999999998,0.347,0.17800000000000002,0.309,0.08916666666666667,0.151,0.0716,0.139,0.036325,0.0677,7482.5,13700,73.20833333333333,162.0,12.0,12.0,17.0,9,1,12,618.0,2.3,2017.0,9,1,93,тиха
2017-09-01 13:00:00,2017.0,2017.0,9.0,9,1.0,1,1327.5,1355,57997.0,57997,48450.0,50100,92.3,192.0,0.25900000000000006,0.486,0.18175,0.322,0.0921,0.122,0.07029166666666666,0.102,0.04066666666666667,0.0744,27100.0,37500,580.3333333333334,1000.0,13.0,13.0,17.0,9,1,13,620.0,2.2,2017.0,9,1,93,тиха
2017-09-01 14:00:00,2017.0,2017.0,9.0,9,1.0,1,1427.5,1455,57997.0,57997,52050.0,53700,13.2675,17.9,0.24133333333333337,0.479,0.16641666666666668,0.289,0.08396666666666665,0.15,0.06422499999999999,0.11,0.03306666666666667,0.0595,43533.333333333336,48100,1334.1666666666667,1570.0,14.0,14.0,17.0,9,1,14,617.0,2.5,2017.0,9,1,93,тиха
2017-09-01 15:00:00,2017.0,2017.0,9.0,9,1.0,1,1527.5,1555,57997.0,57997,55650.0,57300,9.836666666666666,13.6,0.23324999999999999,0.349,0.16008333333333333,0.309,0.07635833333333333,0.13,0.060125000000000005,0.113,0.032933333333333335,0.0867,53525.0,56700,1819.1666666666667,2070.0,15.0,15.0,17.0,9,1,15,659.0,2.1,2017.0,9,1,93,тиха
2017-09-01 16:00:00,2017.0,2017.0,9.0,9,1.0,1,1627.5,1655,57997.0,57997,59250.0,60900,15.475000000000003,22.9,0.2533333333333333,0.401,0.19883333333333333,0.355,0.09131666666666666,0.153,0.07095,0.108,0.04095000000000001,0.0719,62133.333333333336,66600,2459.1666666666665,2790.0,16.0,16.0,17.0,9,1,16,614.0,2.3,2017.0,9,1,93,тиха
2017-09-01 17:00:00,2017.0,2017.0,9.0,9,1.0,1,1727.5,1755,57997.0,57997,62850.0,64500,14.208333333333336,18.4,0.24858333333333338,0.392,0.21008333333333337,0.354,0.11877499999999998,0.202,0.09079999999999999,0.191,0.041291666666666664,0.0988,69883.33333333333,74800,2957.5,3360.0,17.0,17.0,17.0,9,1,17,642.0,2.2,2017.0,9,1,93,тиха
2017-09-01 18:00:00,2017.0,2017.0,9.0,9,1.0,1,1827.5,1855,57997.0,57997,66450.0,68100,27.933333333333337,41.2,0.27924999999999994,0.556,0.19016666666666668,0.348,0.10537500000000001,0.192,0.08833333333333332,0.165,0.046033333333333336,0.0793,83075.0,87900,4348.333333333333,4800.0,18.0,18.0,17.0,9,1,18,668.0,1.9,2017.0,9,1,93,тиха
2017-09-01 19:00:00,2017.0,2017.0,9.0,9,1.0,1,1927.5,1955,57997.0,57997,70050.0,71700,24.399999999999995,29.4,0.2175,0.347,0.17408333333333334,0.309,0.08009999999999999,0.118,0.05975,0.0858,0.027875,0.0369,85150.0,88200,4582.5,4980.0,19.0,19.0,17.0,9,1,19,641.0,2.1,2017.0,9,1,93,тиха
2017-09-01 20:00:00,2017.0,2017.0,9.0,9,1.0,1,2027.5,2055,57997.0,57997,73650.0,75300,33.94166666666667,50.3,0.2515,0.44,0.16674999999999998,0.206,0.10050000000000002,0.133,0.07975833333333333,0.117,0.046724999999999996,0.0763,86125.0,91200,4558.333333333333,5330.0,20.0,20.0,17.0,9,1,20,640.0,1.9,2017.0,9,1,93,тиха
2017-09-01 21:00:00,2017.0,2017.0,9.0,9,1.0,1,2127.5,2155,57997.0,57997,77250.0,78900,22.125,36.2,0.2601666666666667,0.676,0.16716666666666669,0.277,0.08017499999999998,0.128,0.06405833333333334,0.0983,0.03355,0.0544,76633.33333333333,86600,3594.1666666666665,4420.0,21.0,21.0,17.0,9,1,21,616.0,2.6,2017.0,9,1,93,тиха
2017-09-01 22:00:00,2017.0,2017.0,9.0,9,1.0,1,2227.5,2255,57997.0,57997,80850.0,82500,20.441666666666666,31.2,0.30283333333333334,0.629,0.23274999999999998,0.385,0.10099999999999999,0.171,0.08224166666666667,0.141,0.045625,0.0759,77433.33333333333,84800,3280.8333333333335,3980.0,22.0,22.0,17.0,9,1,22,619.0,2.2,2017.0,9,1,93,тиха
2017-09-01 23:00:00,2017.0,2017.0,9.0,9,1.0,1,2327.5,2355,57997.0,57997,84450.0,86100,22.808333333333334,37.8,0.23533333333333337,0.394,0.1698333333333333,0.228,0.09231666666666666,0.147,0.07455,0.136,0.03769166666666667,0.0765,61983.333333333336,67900,2015.8333333333333,2560.0,23.0,23.0,17.0,9,1,23,594.0,2.7,2017.0,9,1,93,тиха
2017-09-02 00:00:00,2017.0,2017.0,9.0,9,2.0,2,27.5,55,57998.0,57998,1650.0,3300,26.466666666666672,35.4,0.278,0.592,0.16983333333333336,0.344,0.07833333333333332,0.112,0.06163333333333334,0.101,0.03515000000000001,0.0759,61900.0,65300,1870.8333333333333,2100.0,0.0,0.0,17.0,9,2,0,589.0,2.7,2017.0,9,2,100,тиха
2017-09-02 01:00:00,2017.0,2017.0,9.0,9,2.0,2,127.5,155,57998.0,57998,5250.0,6900,18.345000000000002,27.1,0.26916666666666667,0.488,0.16383333333333333,0.306,0.06889166666666667,0.0851,0.05652499999999999,0.0728,0.030366666666666667,0.048,54116.666666666664,57000,1309.1666666666667,1540.0,1.0,1.0,17.0,9,2,1,577.0,3.2,2017.0,9,2,100,тиха
2017-09-02 02:00:00,2017.0,2017.0,9.0,9,2.0,2,227.5,255,57998.0,57998,8850.0,10500,7.550833333333332,13.1,0.3113333333333334,0.671,0.20025000000000004,0.349,0.10274166666666668,0.185,0.08427499999999999,0.174,0.04171666666666667,0.0759,31025.0,49000,483.8333333333333,977.0,2.0,2.0,17.0,9,2,2,578.0,3.3,2017.0,9,2,100,тиха
2017-09-02 03:00:00,2017.0,2017.0,9.0,9,2.0,2,327.5,355,57998.0,57998,12450.0,14100,6.3133333333333335,11.2,0.2615,0.432,0.17283333333333337,0.331,0.082925,0.103,0.06478333333333332,0.081,0.03593333333333334,0.0561,29616.666666666668,41100,357.8333333333333,603.0,3.0,3.0,17.0,9,2,3,572.0,3.3,2017.0,9,2,100,тиха
2017-09-02 04:00:00,2017.0,2017.0,9.0,9,2.0,2,427.5,455,57998.0,57998,16050.0,17700,19.969166666666666,71.5,0.21375,0.35,0.15074999999999997,0.2,0.078675,0.138,0.06668333333333333,0.122,0.03710833333333333,0.0604,31350.0,55300,421.8333333333333,1410.0,4.0,4.0,17.0,9,2,4,574.0,3.2,2017.0,9,2,100,тиха
2017-09-02 05:00:00,2017.0,2017.0,9.0,9,2.0,2,527.5,555,57998.0,57998,19650.0,21300,55.39166666666666,92.1,0.2588333333333333,0.482,0.1875,0.339,0.08217499999999998,0.112,0.06994166666666665,0.101,0.039483333333333336,0.0759,51808.333333333336,68000,1548.3333333333333,2150.0,5.0,5.0,17.0,9,2,5,584.0,2.1,2017.0,9,2,100,тиха
2017-09-02 06:00:00,2017.0,2017.0,9.0,9,2.0,2,627.5,655,57998.0,57998,23250.0,24900,30.46666666666667,47.7,0.23775,0.414,0.15583333333333335,0.317,0.07314166666666666,0.102,0.06195,0.0909,0.03613333333333333,0.066,39550.0,43400,1132.5833333333333,1230.0,6.0,6.0,17.0,9,2,6,577.0,2.5,2017.0,9,2,100,тиха
2017-09-02 07:00:00,2017.0,2017.0,9.0,9,2.0,2,727.5,755,57998.0,57998,26850.0,28500,18.67,46.3,0.20866666666666667,0.304,0.15866666666666668,0.266,0.08605833333333333,0.122,0.06753333333333333,0.0877,0.035616666666666665,0.0611,50608.333333333336,110000,2184.8333333333335,7650.0,7.0,7.0,17.0,9,2,7,573.0,2.2,2017.0,9,2,100,тиха
2017-09-02 08:00:00,2017.0,2017.0,9.0,9,2.0,2,827.5,855,57998.0,57998,30450.0,32100,48.31666666666666,120.0,0.2891666666666666,0.509,0.20366666666666666,0.412,0.093275,0.168,0.07074166666666666,0.113,0.03916666666666667,0.0759,103933.33333333333,124000,7353.333333333333,10500.0,8.0,8.0,17.0,9,2,8,571.0,2.3,2017.0,9,2,100,тиха
2017-09-02 09:00:00,2017.0,2017.0,9.0,9,2.0,2,927.5,955,57998.0,57998,34050.0,35700,7.526666666666666,11.7,0.27566666666666667,0.723,0.18608333333333335,0.357,0.104875,0.185,0.08301666666666667,0.137,0.04550833333333334,0.0858,46850.0,74000,1786.5833333333333,3510.0,9.0,9.0,17.0,9,2,9,570.0,2.1,2017.0,9,2,100,тиха
2017-09-02 10:00:00,2017.0,2017.0,9.0,9,2.0,2,1027.5,1055,57998.0,57998,37650.0,39300,9.3225,14.9,0.21491666666666667,0.305,0.16741666666666666,0.268,0.08460833333333334,0.141,0.06479166666666668,0.13,0.03321666666666667,0.0685,52775.0,69000,2243.3333333333335,3520.0,10.0,10.0,17.0,9,2,10,565.0,2.2,2017.0,9,2,100,тиха
2017-09-02 11:00:00,2017.0,2017.0,9.0,9,2.0,2,1127.5,1155,57998.0,57998,41250.0,42900,12.216666666666667,18.1,0.27275,0.666,0.1775,0.382,0.08780833333333334,0.128,0.07323333333333333,0.117,0.04151666666666667,0.08,66300.0,72000,3256.6666666666665,3760.0,11.0,11.0,17.0,9,2,11,564.0,2.2,2017.0,9,2,100,тиха
2017-09-02 12:00:00,2017.0,2017.0,9.0,9,2.0,2,1227.5,1255,57998.0,57998,44850.0,46500,8.681666666666667,13.3,0.2910000000000001,0.615,0.19408333333333336,0.368,0.09876666666666667,0.236,0.0816,0.199,0.048108333333333336,0.11,61958.333333333336,63600,2724.1666666666665,2830.0,12.0,12.0,17.0,9,2,12,563.0,1.8,2017.0,9,2,100,тиха
2017-09-02 13:00:00,2017.0,2017.0,9.0,9,2.0,2,1327.5,1355,57998.0,57998,48450.0,50100,6.565833333333333,12.3,0.2426666666666667,0.488,0.17650000000000002,0.343,0.09610833333333334,0.147,0.07768333333333333,0.13,0.038408333333333336,0.0734,64141.666666666664,71300,2980.8333333333335,3530.0,13.0,13.0,17.0,9,2,13,561.0,1.8,2017.0,9,2,100,тиха
2017-09-02 14:00:00,2017.0,2017.0,9.0,9,2.0,2,1427.5,1455,57998.0,57998,52050.0,53700,7.607500000000001,10.5,0.235,0.348,0.16241666666666665,0.272,0.08918333333333334,0.117,0.07080833333333333,0.106,0.039625,0.0809,79158.33333333333,83300,4438.333333333333,4760.0,14.0,14.0,17.0,9,2,14,561.0,1.3,2017.0,9,2,100,тиха
2017-09-02 15:00:00,2017.0,2017.0,9.0,9,2.0,2,1527.5,1555,57998.0,57998,55650.0,57300,14.107500000000002,18.0,0.2354166666666667,0.348,0.1660833333333333,0.306,0.08335833333333331,0.129,0.065925,0.118,0.03494166666666667,0.0712,94808.33333333333,104000,5697.5,6580.0,15.0,15.0,17.0,9,2,15,559.0,1.3,2017.0,9,2,100,тиха
2017-09-02 16:00:00,2017.0,2017.0,9.0,9,2.0,2,1627.5,1655,57998.0,57998,59250.0,60900,22.649999999999995,39.1,0.29925,0.68,0.19574999999999998,0.306,0.07857499999999999,0.126,0.059158333333333334,0.0953,0.029333333333333336,0.0432,118000.0,125000,9022.5,10900.0,16.0,16.0,17.0,9,2,16,557.0,1.7,2017.0,9,2,100,тиха
2017-09-02 17:00:00,2017.0,2017.0,9.0,9,2.0,2,1727.5,1755,57998.0,57998,62850.0,64500,30.400000000000006,59.3,0.26366666666666666,0.487,0.17816666666666667,0.252,0.09990833333333334,0.128,0.07713333333333332,0.117,0.042083333333333334,0.0858,136666.66666666666,148000,13891.666666666666,16700.0,17.0,17.0,17.0,9,2,17,556.0,2.4,2017.0,9,2,100,тиха
2017-09-02 18:00:00,2017.0,2017.0,9.0,9,2.0,2,1827.5,1855,57998.0,57998,66450.0,68100,38.225,59.3,0.19483333333333333,0.299,0.1410833333333333,0.188,0.0785,0.128,0.06473333333333334,0.117,0.03170833333333334,0.0487,155333.33333333334,159000,19991.666666666668,22000.0,18.0,18.0,17.0,9,2,18,556.0,2.7,2017.0,9,2,100,тиха
2017-09-02 19:00:00,2017.0,2017.0,9.0,9,2.0,2,1927.5,1955,57998.0,57998,70050.0,71700,38.64166666666667,50.4,0.21108333333333332,0.297,0.15275000000000002,0.259,0.08323333333333334,0.144,0.06183333333333333,0.104,0.029333333333333333,0.0401,164333.33333333334,169000,23966.666666666668,25700.0,19.0,19.0,17.0,9,2,19,556.0,2.8,2017.0,9,2,100,тиха
2017-09-02 20:00:00,2017.0,2017.0,9.0,9,2.0,2,2027.5,2055,57998.0,57998,73650.0,75300,45.25833333333333,77.7,0.26233333333333336,0.491,0.19749999999999998,0.312,0.09510833333333334,0.124,0.06784166666666666,0.1,0.03765833333333333,0.0753,166166.66666666666,170000,24891.666666666668,26800.0,20.0,20.0,17.0,9,2,20,558.0,3.3,2017.0,9,2,100,тиха
2017-09-02 21:00:00,2017.0,2017.0,9.0,9,2.0,2,2127.5,2155,57998.0,57998,77250.0,78900,50.51666666666665,89.1,0.28575,0.617,0.217,0.417,0.11268333333333334,0.189,0.09006666666666667,0.166,0.04416666666666667,0.1,161000.0,165000,23675.0,24700.0,21.0,21.0,17.0,9,2,21,557.0,3.1,2017.0,9,2,100,тиха
2017-09-02 22:00:00,2017.0,2017.0,9.0,9,2.0,2,2227.5,2255,57998.0,57998,80850.0,82500,43.39166666666666,71.2,0.25633333333333336,0.437,0.19599999999999998,0.4,0.11041666666666665,0.32,0.08139999999999999,0.199,0.0384,0.0605,150666.66666666666,160000,20533.333333333332,24100.0,22.0,22.0,17.0,9,2,22,554.0,3.1,2017.0,9,2,100,тиха
2017-09-02 23:00:00,2017.0,2017.0,9.0,9,2.0,2,2327.5,2355,57998.0,57998,84450.0,86100,31.76666666666667,59.0,0.32091666666666663,0.483,0.21583333333333332,0.378,0.12706666666666663,0.317,0.08850000000000001,0.206,0.039625,0.0729,128333.33333333333,142000,12750.0,16600.0,23.0,23.0,17.0,9,2,23,549.0,2.3,2017.0,9,2,100,тиха
2017-09-03 00:00:00,2017.0,2017.0,9.0,9,3.0,3,27.5,55,57999.0,57999,1650.0,3300,33.84166666666666,49.9,0.32025,0.595,0.20883333333333332,0.305,0.1033,0.169,0.073775,0.158,0.03775,0.0803,145166.66666666666,149000,16291.666666666666,18200.0,0.0,0.0,17.0,9,3,0,550.0,1.4,2017.0,9,3,120,тиха
2017-09-03 01:00:00,2017.0,2017.0,9.0,9,3.0,3,127.5,155,57999.0,57999,5250.0,6900,17.175,24.3,0.3091666666666666,0.582,0.21966666666666668,0.382,0.08490000000000002,0.122,0.06259166666666666,0.0779,0.033049999999999996,0.0531,128750.0,139000,12000.0,14700.0,1.0,1.0,17.0,9,3,1,539.0,1.7,2017.0,9,3,120,тиха
2017-09-03 02:00:00,2017.0,2017.0,9.0,9,3.0,3,227.5,255,57999.0,57999,8850.0,10500,14.850000000000001,24.6,0.30258333333333337,0.477,0.19666666666666668,0.354,0.07870833333333334,0.107,0.05750833333333333,0.0729,0.029199999999999993,0.0431,106325.0,118000,7565.0,9670.0,2.0,2.0,17.0,9,3,2,550.0,1.6,2017.0,9,3,120,тиха
2017-09-03 03:00:00,2017.0,2017.0,9.0,9,3.0,3,327.5,355,57999.0,57999,12450.0,14100,10.786666666666669,14.9,0.25375,0.555,0.1701666666666667,0.3,0.09618333333333334,0.175,0.07541666666666666,0.145,0.032933333333333335,0.0542,105891.66666666667,114000,6961.666666666667,8290.0,3.0,3.0,17.0,9,3,3,547.0,1.6,2017.0,9,3,120,тиха
2017-09-03 04:00:00,2017.0,2017.0,9.0,9,3.0,3,427.5,455,57999.0,57999,16050.0,17700,5.652499999999999,11.5,0.27949999999999997,0.524,0.2018333333333333,0.328,0.08765833333333332,0.195,0.07071666666666666,0.149,0.03911666666666667,0.0679,76000.0,98400,3464.1666666666665,5770.0,4.0,4.0,17.0,9,3,4,553.0,1.0,2017.0,9,3,120,тиха
2017-09-03 05:00:00,2017.0,2017.0,9.0,9,3.0,3,527.5,555,57999.0,57999,19650.0,21300,4.900833333333334,8.97,0.31316666666666665,0.554,0.21924999999999994,0.517,0.10889166666666666,0.219,0.08339999999999999,0.141,0.0368,0.0623,64633.333333333336,81200,2530.0,3640.0,5.0,5.0,17.0,9,3,5,547.0,1.1,2017.0,9,3,120,тиха
2017-09-03 06:00:00,2017.0,2017.0,9.0,9,3.0,3,627.5,655,57999.0,57999,23250.0,24900,4.835833333333333,6.86,0.3073333333333333,0.637,0.22116666666666665,0.391,0.10241666666666667,0.157,0.08161666666666666,0.146,0.043816666666666663,0.0753,67508.33333333333,74300,2774.1666666666665,3010.0,6.0,6.0,17.0,9,3,6,548.0,0.9,2017.0,9,3,120,тиха
2017-09-03 07:00:00,2017.0,2017.0,9.0,9,3.0,3,727.5,755,57999.0,57999,26850.0,28500,4.474166666666666,5.87,0.30633333333333335,0.504,0.21808333333333332,0.325,0.09058333333333334,0.161,0.07105833333333333,0.147,0.03286666666666667,0.0599,61541.666666666664,63800,2630.8333333333335,2700.0,7.0,7.0,17.0,9,3,7,507.0,1.4,2017.0,9,3,120,тиха
2017-09-03 08:00:00,2017.0,2017.0,9.0,9,3.0,3,827.5,855,57999.0,57999,30450.0,32100,4.505833333333333,6.62,0.31916666666666665,0.605,0.21316666666666664,0.346,0.1084,0.138,0.07534166666666665,0.125,0.03598333333333333,0.0883,60025.0,66100,2653.3333333333335,3060.0,8.0,8.0,17.0,9,3,8,497.0,1.9,2017.0,9,3,120,тиха
2017-09-03 09:00:00,2017.0,2017.0,9.0,9,3.0,3,927.5,955,57999.0,57999,34050.0,35700,4.326666666666667,6.39,0.33383333333333326,0.724,0.2175,0.4,0.10838333333333333,0.135,0.07598333333333333,0.12,0.039841666666666664,0.0803,55566.666666666664,63800,2344.1666666666665,2890.0,9.0,9.0,17.0,9,3,9,493.0,2.1,2017.0,9,3,120,тиха
2017-09-03 10:00:00,2017.0,2017.0,9.0,9,3.0,3,1027.5,1055,57999.0,57999,37650.0,39300,2.940833333333334,4.01,0.27375,0.398,0.2065,0.301,0.10744166666666667,0.151,0.07589166666666665,0.11,0.04264166666666667,0.0704,64741.666666666664,74400,2900.0,3760.0,10.0,10.0,17.0,9,3,10,503.0,1.5,2017.0,9,3,120,тиха
2017-09-03 11:00:00,2017.0,2017.0,9.0,9,3.0,3,1127.5,1155,57999.0,57999,41250.0,42900,4.460833333333334,6.49,0.29275,0.618,0.18333333333333335,0.367,0.091775,0.126,0.06569166666666666,0.0932,0.031666666666666655,0.0654,84083.33333333333,93100,4889.166666666667,5650.0,11.0,11.0,17.0,9,3,11,488.0,1.6,2017.0,9,3,120,тиха
2017-09-03 12:00:00,2017.0,2017.0,9.0,9,3.0,3,1227.5,1255,57999.0,57999,44850.0,46500,4.469166666666666,6.88,0.27724999999999994,0.416,0.20583333333333334,0.312,0.10108333333333332,0.143,0.07929166666666666,0.123,0.04344166666666666,0.0753,89875.0,98600,5613.333333333333,6530.0,12.0,12.0,17.0,9,3,12,469.0,2.0,2017.0,9,3,120,тиха
2017-09-03 13:00:00,2017.0,2017.0,9.0,9,3.0,3,1327.5,1355,57999.0,57999,48450.0,50100,6.178333333333334,8.51,0.27575,0.427,0.2070833333333333,0.348,0.09857500000000001,0.151,0.07001666666666667,0.14,0.03254166666666667,0.0579,98850.0,104000,6810.0,7500.0,13.0,13.0,17.0,9,3,13,466.0,2.1,2017.0,9,3,120,тиха
2017-09-03 14:00:00,2017.0,2017.0,9.0,9,3.0,3,1427.5,1455,57999.0,57999,52050.0,53700,9.641666666666666,19.2,0.31466666666666665,0.569,0.2404166666666667,0.532,0.12119999999999999,0.288,0.08198333333333334,0.189,0.03739166666666668,0.0605,102683.33333333333,109000,7462.5,8130.0,14.0,14.0,17.0,9,3,14,467.0,2.7,2017.0,9,3,120,тиха
2017-09-03 15:00:00,2017.0,2017.0,9.0,9,3.0,3,1527.5,1555,57999.0,57999,55650.0,57300,44.45416666666666,101.0,0.30258333333333337,0.536,0.19983333333333334,0.308,0.10719166666666667,0.229,0.08424166666666666,0.149,0.041808333333333336,0.0872,123666.66666666667,143000,10634.166666666666,15100.0,15.0,15.0,17.0,9,3,15,463.0,2.6,2017.0,9,3,120,тиха
2017-09-03 16:00:00,2017.0,2017.0,9.0,9,3.0,3,1627.5,1655,57999.0,57999,59250.0,60900,18.95,29.8,0.2585,0.466,0.17725000000000002,0.322,0.08897500000000001,0.132,0.06776666666666666,0.0928,0.036316666666666664,0.0679,157583.33333333334,167000,20441.666666666668,24400.0,16.0,16.0,17.0,9,3,16,460.0,2.3,2017.0,9,3,120,тиха
2017-09-03 17:00:00,2017.0,2017.0,9.0,9,3.0,3,1727.5,1755,57999.0,57999,62850.0,64500,16.866666666666667,23.9,0.24683333333333332,0.385,0.18200000000000002,0.291,0.09615000000000001,0.141,0.06874166666666666,0.131,0.036050000000000006,0.0885,170583.33333333334,176000,26100.0,29300.0,17.0,17.0,17.0,9,3,17,462.0,2.0,2017.0,9,3,120,тиха
2017-09-03 18:00:00,2017.0,2017.0,9.0,9,3.0,3,1827.5,1855,57999.0,57999,66450.0,68100,17.616666666666664,18.8,0.23816666666666667,0.332,0.20000000000000004,0.295,0.11709166666666666,0.145,0.07463333333333333,0.0991,0.036441666666666664,0.0679,175583.33333333334,178000,29158.333333333332,31200.0,18.0,18.0,17.0,9,3,18,461.0,1.7,2017.0,9,3,120,тиха
2017-09-03 19:00:00,2017.0,2017.0,9.0,9,3.0,3,1927.5,1955,57999.0,57999,70050.0,71700,25.308333333333334,34.6,0.29475,0.766,0.19966666666666666,0.497,0.09415,0.141,0.07011666666666666,0.112,0.03988333333333333,0.0666,180416.66666666666,186000,32341.666666666668,34800.0,19.0,19.0,17.0,9,3,19,474.0,1.2,2017.0,9,3,120,тиха
2017-09-03 20:00:00,2017.0,2017.0,9.0,9,3.0,3,2027.5,2055,57999.0,57999,73650.0,75300,25.34166666666667,38.0,0.27508333333333335,0.412,0.20066666666666666,0.356,0.09871666666666667,0.149,0.07751666666666666,0.134,0.041925,0.0864,179750.0,186000,32591.666666666668,33400.0,20.0,20.0,17.0,9,3,20,463.0,2.1,2017.0,9,3,120,тиха
2017-09-03 21:00:00,2017.0,2017.0,9.0,9,3.0,3,2127.5,2155,57999.0,57999,77250.0,78900,30.916666666666668,48.7,0.24108333333333332,0.409,0.1688333333333333,0.313,0.08935,0.161,0.07247499999999998,0.142,0.037866666666666667,0.0864,182333.33333333334,189000,34516.666666666664,38200.0,21.0,21.0,17.0,9,3,21,467.0,2.7,2017.0,9,3,120,тиха
2017-09-03 22:00:00,2017.0,2017.0,9.0,9,3.0,3,2227.5,2255,57999.0,57999,80850.0,82500,31.333333333333332,38.6,0.2628333333333333,0.397,0.19624999999999995,0.359,0.091375,0.133,0.07395833333333333,0.121,0.043258333333333336,0.079,178666.66666666666,186000,32933.333333333336,35800.0,22.0,22.0,17.0,9,3,22,470.0,2.7,2017.0,9,3,120,тиха
2017-09-03 23:00:00,2017.0,2017.0,9.0,9,3.0,3,2327.5,2355,57999.0,57999,84450.0,86100,23.124999999999996,35.4,0.2511666666666666,0.358,0.17425,0.237,0.10258333333333332,0.162,0.0805,0.14,0.04044166666666666,0.0765,176000.0,176000,29716.666666666668,30600.0,23.0,23.0,17.0,9,3,23,486.0,2.0,2017.0,9,3,120,тиха
2017-09-04 00:00:00,2017.0,2017.0,9.0,9,4.0,4,27.5,55,58000.0,58000,1650.0,3300,14.255,25.2,0.23566666666666666,0.403,0.15316666666666665,0.209,0.08658333333333333,0.145,0.06883333333333332,0.113,0.03880833333333334,0.0814,155333.33333333334,176000,21207.5,29000.0,0.0,0.0,17.0,9,4,0,499.0,2.0,2017.0,9,4,140,тиха
2017-09-04 01:00:00,2017.0,2017.0,9.0,9,4.0,4,127.5,155,58000.0,58000,5250.0,6900,16.526666666666667,31.6,0.29433333333333334,0.525,0.20483333333333334,0.378,0.105525,0.175,0.07966666666666666,0.134,0.04046666666666667,0.0765,153666.66666666666,165000,21050.0,24900.0,1.0,1.0,17.0,9,4,1,471.0,2.5,2017.0,9,4,140,тиха
2017-09-04 02:00:00,2017.0,2017.0,9.0,9,4.0,4,227.5,255,58000.0,58000,8850.0,10500,13.0375,22.6,0.24858333333333335,0.339,0.16091666666666668,0.263,0.08690833333333332,0.116,0.06799166666666666,0.104,0.037225,0.0666,134000.0,151000,15775.0,21900.0,2.0,2.0,17.0,9,4,2,464.0,2.5,2017.0,9,4,140,тиха
2017-09-04 03:00:00,2017.0,2017.0,9.0,9,4.0,4,327.5,355,58000.0,58000,12450.0,14100,6.4991666666666665,15.2,0.2883333333333333,0.698,0.18608333333333335,0.345,0.08455,0.174,0.06624166666666666,0.123,0.033683333333333336,0.0562,99141.66666666667,124000,7747.5,12800.0,3.0,3.0,17.0,9,4,3,468.0,2.0,2017.0,9,4,140,тиха
2017-09-04 04:00:00,2017.0,2017.0,9.0,9,4.0,4,427.5,455,58000.0,58000,16050.0,17700,10.7675,16.6,0.256,0.425,0.17124999999999999,0.281,0.089725,0.156,0.07266666666666666,0.144,0.04103333333333333,0.0935,116916.66666666667,122000,11185.0,12500.0,4.0,4.0,17.0,9,4,4,467.0,1.6,2017.0,9,4,140,тиха
2017-09-04 05:00:00,2017.0,2017.0,9.0,9,4.0,4,527.5,555,58000.0,58000,19650.0,21300,6.724166666666666,9.71,0.2788333333333333,0.409,0.20191666666666666,0.361,0.08447500000000001,0.118,0.06389166666666667,0.0917,0.033716666666666666,0.0666,101866.66666666667,106000,8288.333333333334,9160.0,5.0,5.0,17.0,9,4,5,463.0,1.6,2017.0,9,4,140,тиха
2017-09-04 06:00:00,2017.0,2017.0,9.0,9,4.0,4,627.5,655,58000.0,58000,23250.0,24900,6.0575,10.2,0.26616666666666666,0.471,0.1745,0.327,0.08304166666666667,0.152,0.06803333333333332,0.14,0.03419166666666667,0.0543,87675.0,100000,6520.0,8770.0,6.0,6.0,17.0,9,4,6,452.0,2.3,2017.0,9,4,140,тиха
2017-09-04 07:00:00,2017.0,2017.0,9.0,9,4.0,4,727.5,755,58000.0,58000,26850.0,28500,6.465833333333333,10.1,0.26208333333333333,0.593,0.1715,0.294,0.08548333333333331,0.145,0.06855833333333332,0.134,0.031716666666666664,0.0523,90600.0,100000,7410.833333333333,8950.0,7.0,7.0,17.0,9,4,7,,,2017.0,9,4,140,тиха
2017-09-04 08:00:00,2017.0,2017.0,9.0,9,4.0,4,827.5,855,58000.0,58000,30450.0,32100,4.010833333333333,5.08,0.256,0.432,0.19583333333333333,0.336,0.08662500000000001,0.145,0.07003333333333332,0.134,0.036491666666666665,0.0546,73483.33333333333,79300,5048.333333333333,5850.0,8.0,8.0,17.0,9,4,8,,,2017.0,9,4,140,тиха
2017-09-04 09:00:00,2017.0,2017.0,9.0,9,4.0,4,927.5,955,58000.0,58000,34050.0,35700,3.268333333333333,4.42,0.30341666666666667,0.518,0.22033333333333338,0.302,0.105925,0.162,0.08197499999999999,0.134,0.04648333333333333,0.0765,60475.0,68500,3715.8333333333335,4480.0,9.0,9.0,17.0,9,4,9,,,2017.0,9,4,140,тиха
2017-09-04 10:00:00,2017.0,2017.0,9.0,9,4.0,4,1027.5,1055,58000.0,58000,37650.0,39300,3.1791666666666667,4.74,0.2521666666666667,0.372,0.18183333333333332,0.28,0.10189999999999999,0.15,0.081675,0.12,0.054125,0.0894,64383.333333333336,68400,4122.5,4710.0,10.0,10.0,17.0,9,4,10,,,2017.0,9,4,140,тиха
2017-09-04 11:00:00,2017.0,2017.0,9.0,9,4.0,4,1127.5,1155,58000.0,58000,41250.0,42900,5.274166666666667,7.98,0.2950833333333333,0.657,0.18691666666666665,0.276,0.08952500000000001,0.166,0.06398333333333332,0.11,0.033633333333333335,0.0684,79933.33333333333,88200,6345.833333333333,7430.0,11.0,11.0,17.0,9,4,11,,,2017.0,9,4,140,тиха
2017-09-04 12:00:00,2017.0,2017.0,9.0,9,4.0,4,1227.5,1255,58000.0,58000,44850.0,46500,2.9650000000000003,4.85,0.21774999999999997,0.428,0.1535,0.239,0.08921666666666668,0.179,0.07121666666666665,0.144,0.037233333333333334,0.0679,80516.66666666667,88700,6080.0,7420.0,12.0,12.0,17.0,9,4,12,,,2017.0,9,4,140,тиха
2017-09-04 13:00:00,2017.0,2017.0,9.0,9,4.0,4,1327.5,1355,58000.0,58000,48450.0,50100,3.061666666666667,3.86,0.2758333333333334,0.551,0.19283333333333333,0.329,0.10454166666666669,0.17,0.08378333333333332,0.159,0.04134166666666667,0.0611,76733.33333333333,85900,6015.833333333333,7540.0,13.0,13.0,17.0,9,4,13,,,2017.0,9,4,140,тиха
2017-09-04 14:00:00,2017.0,2017.0,9.0,9,4.0,4,1427.5,1455,58000.0,58000,52050.0,53700,7.279166666666666,10.8,0.2313333333333333,0.409,0.17058333333333334,0.313,0.08650833333333334,0.178,0.07066666666666667,0.166,0.037375,0.0888,83025.0,90200,8552.5,10500.0,14.0,14.0,17.0,9,4,14,,,2017.0,9,4,140,тиха
2017-09-04 15:00:00,2017.0,2017.0,9.0,9,4.0,4,1527.5,1555,58000.0,58000,55650.0,57300,15.25,23.7,0.24283333333333332,0.39,0.16624999999999998,0.352,0.07890833333333333,0.108,0.06515833333333332,0.096,0.033900000000000007,0.0492,105325.0,116000,13983.333333333334,16100.0,15.0,15.0,17.0,9,4,15,460.0,6.0,2017.0,9,4,140,тиха
2017-09-04 16:00:00,2017.0,2017.0,9.0,9,4.0,4,1627.5,1655,58000.0,58000,59250.0,60900,20.14166666666667,33.9,0.26483333333333337,0.735,0.17941666666666667,0.303,0.09185833333333333,0.142,0.074275,0.131,0.0412,0.0858,115666.66666666667,122000,15900.0,17200.0,16.0,16.0,17.0,9,4,16,458.0,7.8,2017.0,9,4,140,тиха
2017-09-04 17:00:00,2017.0,2017.0,9.0,9,4.0,4,1727.5,1755,58000.0,58000,62850.0,64500,28.233333333333334,51.7,0.28225,0.545,0.21324999999999994,0.331,0.10987499999999999,0.198,0.08739166666666666,0.186,0.05063333333333333,0.0864,133333.33333333334,151000,22350.0,28200.0,17.0,17.0,17.0,9,4,17,463.0,7.6,2017.0,9,4,140,тиха
2017-09-04 18:00:00,2017.0,2017.0,9.0,9,4.0,4,1827.5,1855,58000.0,58000,66450.0,68100,45.42499999999999,71.8,0.2531666666666667,0.466,0.17650000000000002,0.322,0.08140833333333333,0.147,0.0659,0.135,0.03503333333333334,0.0715,167666.66666666666,176000,37216.666666666664,41000.0,18.0,18.0,17.0,9,4,18,477.0,5.9,2017.0,9,4,140,тиха
2017-09-04 19:00:00,2017.0,2017.0,9.0,9,4.0,4,1927.5,1955,58000.0,58000,70050.0,71700,52.4,87.3,0.3080833333333333,0.459,0.22408333333333338,0.326,0.08665,0.121,0.06814166666666667,0.109,0.039699999999999985,0.0839,161500.0,174000,37116.666666666664,41700.0,19.0,19.0,17.0,9,4,19,478.0,6.7,2017.0,9,4,140,тиха
2017-09-04 20:00:00,2017.0,2017.0,9.0,9,4.0,4,2027.5,2055,58000.0,58000,73650.0,75300,50.63333333333333,77.4,0.2776666666666667,0.447,0.20975,0.408,0.08849166666666668,0.171,0.06940833333333334,0.116,0.03537500000000001,0.0593,114166.66666666667,139000,18266.666666666668,28100.0,20.0,20.0,17.0,9,4,20,501.0,4.2,2017.0,9,4,140,тиха
2017-09-04 21:00:00,2017.0,2017.0,9.0,9,4.0,4,2127.5,2155,58000.0,58000,77250.0,78900,35.46666666666667,64.6,0.26308333333333334,0.824,0.18700000000000003,0.491,0.08628333333333334,0.169,0.06995,0.127,0.040016666666666666,0.0865,114333.33333333333,124000,15433.333333333334,17600.0,21.0,21.0,17.0,9,4,21,516.0,4.6,2017.0,9,4,140,тиха
2017-09-04 22:00:00,2017.0,2017.0,9.0,9,4.0,4,2227.5,2255,58000.0,58000,80850.0,82500,40.51666666666667,61.8,0.7811666666666667,2.06,0.328,0.64,0.14264999999999997,0.234,0.092675,0.188,0.03949166666666667,0.0668,112525.0,128000,14996.666666666666,18800.0,22.0,22.0,17.0,9,4,22,523.0,4.8,2017.0,9,4,140,тиха
2017-09-04 23:00:00,2017.0,2017.0,9.0,9,4.0,4,2327.5,2355,58000.0,58000,84450.0,86100,62.508333333333326,81.0,6.2316666666666665,8.69,2.885833333333333,4.46,0.42083333333333334,0.626,0.16674166666666665,0.244,0.06079166666666667,0.0998,69616.66666666667,84200,6190.833333333333,8470.0,23.0,23.0,17.0,9,4,23,559.0,5.4,2017.0,9,4,140,тиха
2017-09-05 00:00:00,2017.0,2017.0,9.0,9,5.0,5,27.5,55,58001.0,58001,1650.0,3300,79.54166666666667,87.5,16.895,24.4,7.987500000000002,11.4,0.6569166666666667,0.943,0.2005,0.277,0.06379166666666668,0.116,53158.333333333336,60400,3685.8333333333335,4880.0,0.0,0.0,17.0,9,5,0,566.0,4.4,2017.0,9,5,121,активна
2017-09-05 01:00:00,2017.0,2017.0,9.0,9,5.0,5,127.5,155,58001.0,58001,5250.0,6900,117.125,162.0,49.708333333333336,72.1,18.841666666666672,23.4,0.811,1.11,0.1784583333333333,0.216,0.04587499999999999,0.0715,45900.0,50300,2590.8333333333335,3260.0,1.0,1.0,17.0,9,5,1,583.0,2.1,2017.0,9,5,121,активна
2017-09-05 02:00:00,2017.0,2017.0,9.0,9,5.0,5,227.5,255,58001.0,58001,8850.0,10500,225.08333333333334,305.0,105.61666666666667,142.0,32.625,41.9,0.6855833333333333,0.973,0.142325,0.199,0.04446666666666666,0.0628,31350.0,40000,1389.1666666666667,1950.0,2.0,2.0,17.0,9,5,2,576.0,1.9,2017.0,9,5,121,активна
2017-09-05 03:00:00,2017.0,2017.0,9.0,9,5.0,5,327.5,355,58001.0,58001,12450.0,14100,368.0,417.0,166.66666666666666,183.0,47.74166666666665,51.3,0.4828333333333332,0.971,0.10903333333333336,0.138,0.05363333333333333,0.0766,30658.333333333332,37600,1335.0,1480.0,3.0,3.0,17.0,9,5,3,577.0,1.9,2017.0,9,5,121,активна
2017-09-05 04:00:00,2017.0,2017.0,9.0,9,5.0,5,427.5,455,58001.0,58001,16050.0,17700,469.0833333333333,588.0,216.16666666666666,261.0,58.86666666666667,68.0,0.6277499999999999,1.06,0.11900833333333333,0.205,0.03914166666666667,0.0657,32708.333333333332,35300,1525.0,1680.0,4.0,4.0,17.0,9,5,4,570.0,1.9,2017.0,9,5,121,активна
2017-09-05 05:00:00,2017.0,2017.0,9.0,9,5.0,5,527.5,555,58001.0,58001,19650.0,21300,725.5,826.0,289.5833333333333,308.0,67.71666666666665,71.5,0.7135833333333333,1.08,0.13615833333333335,0.236,0.04601666666666666,0.0994,26033.333333333332,31200,1303.3333333333333,1490.0,5.0,5.0,17.0,9,5,5,558.0,2.2,2017.0,9,5,121,активна
2017-09-05 06:00:00,2017.0,2017.0,9.0,9,5.0,5,627.5,655,58001.0,58001,23250.0,24900,951.8333333333334,1020.0,329.5,348.0,69.23333333333332,75.1,0.7203333333333334,1.28,0.12890833333333332,0.212,0.04099166666666667,0.0677,19558.333333333332,25100,1126.3333333333333,1370.0,6.0,6.0,17.0,9,5,6,551.0,1.8,2017.0,9,5,121,активна
2017-09-05 07:00:00,2017.0,2017.0,9.0,9,5.0,5,727.5,755,58001.0,58001,26850.0,28500,997.0,1080.0,346.5,368.0,77.71666666666667,82.8,0.639,1.39,0.11649166666666666,0.21,0.04611666666666666,0.0933,32758.333333333332,40400,1748.3333333333333,2190.0,7.0,7.0,17.0,9,5,7,550.0,1.5,2017.0,9,5,121,активна
2017-09-05 08:00:00,2017.0,2017.0,9.0,9,5.0,5,827.5,855,58001.0,58001,30450.0,32100,881.0,958.0,300.8333333333333,332.0,73.33333333333333,80.2,0.6588333333333334,0.976,0.12649166666666667,0.227,0.045325,0.09,37041.666666666664,39100,1842.5,1970.0,8.0,8.0,17.0,9,5,8,551.0,1.3,2017.0,9,5,121,активна
2017-09-05 09:00:00,2017.0,2017.0,9.0,9,5.0,5,927.5,955,58001.0,58001,34050.0,35700,821.3333333333334,846.0,301.9166666666667,322.0,70.19166666666668,73.7,0.6305,0.998,0.12471666666666666,0.18,0.04675833333333334,0.0635,34400.0,35600,1684.1666666666667,1750.0,9.0,9.0,17.0,9,5,9,547.0,1.0,2017.0,9,5,121,активна
2017-09-05 10:00:00,2017.0,2017.0,9.0,9,5.0,5,1027.5,1055,58001.0,58001,37650.0,39300,840.5833333333334,882.0,314.4166666666667,331.0,68.91666666666667,77.8,0.5519166666666667,0.96,0.10175,0.141,0.039183333333333334,0.0618,35908.333333333336,38600,1770.8333333333333,1990.0,10.0,10.0,17.0,9,5,10,523.0,0.8,2017.0,9,5,121,активна
2017-09-05 11:00:00,2017.0,2017.0,9.0,9,5.0,5,1127.5,1155,58001.0,58001,41250.0,42900,807.5,897.0,346.4166666666667,405.0,86.69166666666668,102.0,0.6954166666666666,1.04,0.12689999999999999,0.233,0.04860833333333333,0.0939,37941.666666666664,39800,1972.5,2060.0,11.0,11.0,17.0,9,5,11,540.0,0.9,2017.0,9,5,121,активна
2017-09-05 12:00:00,2017.0,2017.0,9.0,9,5.0,5,1227.5,1255,58001.0,58001,44850.0,46500,750.25,857.0,315.3333333333333,344.0,79.75,87.2,0.7875833333333334,1.21,0.15002500000000002,0.239,0.057999999999999996,0.0876,44900.0,49300,2200.8333333333335,2530.0,12.0,12.0,17.0,9,5,12,526.0,1.0,2017.0,9,5,121,активна
2017-09-05 13:00:00,2017.0,2017.0,9.0,9,5.0,5,1327.5,1355,58001.0,58001,48450.0,50100,683.25,744.0,307.5833333333333,340.0,78.93333333333334,87.4,0.6263333333333333,0.989,0.12185000000000001,0.203,0.05035833333333333,0.0921,53308.333333333336,57100,2724.1666666666665,2970.0,13.0,13.0,17.0,9,5,13,480.0,1.2,2017.0,9,5,121,активна
2017-09-05 14:00:00,2017.0,2017.0,9.0,9,5.0,5,1427.5,1455,58001.0,58001,52050.0,53700,541.5,609.0,264.1666666666667,288.0,76.26666666666667,79.6,0.7865000000000001,1.08,0.14077499999999998,0.21,0.048291666666666656,0.0783,59958.333333333336,62600,3225.0,3510.0,14.0,14.0,17.0,9,5,14,474.0,1.5,2017.0,9,5,121,активна
2017-09-05 15:00:00,2017.0,2017.0,9.0,9,5.0,5,1527.5,1555,58001.0,58001,55650.0,57300,483.5833333333333,506.0,260.5833333333333,285.0,81.76666666666665,98.6,0.6804166666666668,1.23,0.11525833333333335,0.147,0.04419166666666668,0.0708,67033.33333333333,71300,3924.1666666666665,4290.0,15.0,15.0,17.0,9,5,15,502.0,1.3,2017.0,9,5,121,активна
2017-09-05 16:00:00,2017.0,2017.0,9.0,9,5.0,5,1627.5,1655,58001.0,58001,59250.0,60900,406.3333333333333,459.0,224.58333333333334,249.0,76.38333333333334,80.3,0.4945000000000001,0.84,0.095775,0.171,0.04235833333333334,0.0791,74766.66666666667,79300,4898.333333333333,5590.0,16.0,16.0,17.0,9,5,16,498.0,1.2,2017.0,9,5,121,активна
2017-09-05 17:00:00,2017.0,2017.0,9.0,9,5.0,5,1727.5,1755,58001.0,58001,62850.0,64500,567.5833333333334,713.0,307.0833333333333,374.0,89.66666666666667,103.0,0.7333333333333334,1.37,0.12771666666666667,0.224,0.044191666666666664,0.105,84325.0,91700,6626.666666666667,7600.0,17.0,17.0,17.0,9,5,17,472.0,1.6,2017.0,9,5,121,активна
2017-09-05 18:00:00,2017.0,2017.0,9.0,9,5.0,5,1827.5,1855,58001.0,58001,66450.0,68100,734.1666666666666,994.0,382.8333333333333,491.0,98.74166666666667,122.0,0.6284166666666666,1.01,0.12716666666666668,0.202,0.05673333333333334,0.0948,84950.0,88100,7125.0,7810.0,18.0,18.0,17.0,9,5,18,452.0,2.3,2017.0,9,5,121,активна
2017-09-05 19:00:00,2017.0,2017.0,9.0,9,5.0,5,1927.5,1955,58001.0,58001,70050.0,71700,1285.5833333333333,1580.0,540.3333333333334,587.0,134.66666666666666,150.0,0.7173333333333334,1.24,0.11539999999999999,0.199,0.04967499999999999,0.0757,99583.33333333333,104000,8038.333333333333,8460.0,19.0,19.0,17.0,9,5,19,447.0,2.4,2017.0,9,5,121,активна
2017-09-05 20:00:00,2017.0,2017.0,9.0,9,5.0,5,2027.5,2055,58001.0,58001,73650.0,75300,1000.9166666666666,1270.0,380.8333333333333,472.0,113.75,126.0,0.6145833333333334,1.02,0.10751666666666666,0.201,0.050875,0.0826,109916.66666666667,115000,9933.333333333334,11700.0,20.0,20.0,17.0,9,5,20,446.0,2.2,2017.0,9,5,121,активна
2017-09-05 21:00:00,2017.0,2017.0,9.0,9,5.0,5,2127.5,2155,58001.0,58001,77250.0,78900,789.4166666666666,883.0,297.25,333.0,92.43333333333334,105.0,0.54625,1.12,0.09035,0.201,0.041091666666666665,0.0762,113333.33333333333,119000,11191.666666666666,12200.0,21.0,21.0,17.0,9,5,21,447.0,2.6,2017.0,9,5,121,активна
2017-09-05 22:00:00,2017.0,2017.0,9.0,9,5.0,5,2227.5,2255,58001.0,58001,80850.0,82500,707.75,750.0,262.8333333333333,288.0,84.675,93.9,0.5555833333333333,0.849,0.1102,0.178,0.054549999999999994,0.102,105250.0,109000,9760.833333333334,10300.0,22.0,22.0,17.0,9,5,22,446.0,3.2,2017.0,9,5,121,активна
2017-09-05 23:00:00,2017.0,2017.0,9.0,9,5.0,5,2327.5,2355,58001.0,58001,84450.0,86100,734.6666666666666,776.0,219.91666666666666,251.0,67.175,80.0,0.5693333333333334,1.24,0.10729166666666667,0.178,0.045991666666666674,0.0907,99383.33333333333,104000,8360.833333333334,9030.0,23.0,23.0,17.0,9,5,23,447.0,2.9,2017.0,9,5,121,активна
2017-09-06 00:00:00,2017.0,2017.0,9.0,9,6.0,6,27.5,55,58002.0,58002,1650.0,3300,695.9166666666666,778.0,153.33333333333334,170.0,45.59166666666667,52.1,0.379,0.644,0.08121666666666667,0.134,0.03877500000000001,0.0698,94925.0,98800,7293.333333333333,8080.0,0.0,0.0,17.0,9,6,0,452.0,2.3,2017.0,9,6,133,активна
2017-09-06 01:00:00,2017.0,2017.0,9.0,9,6.0,6,127.5,155,58002.0,58002,5250.0,6900,700.5,811.0,166.41666666666666,202.0,48.9,56.9,0.3925,0.799,0.08407500000000001,0.174,0.038625,0.0669,86758.33333333333,91300,6000.833333333333,6530.0,1.0,1.0,17.0,9,6,1,454.0,2.2,2017.0,9,6,133,активна
2017-09-06 02:00:00,2017.0,2017.0,9.0,9,6.0,6,227.5,255,58002.0,58002,8850.0,10500,580.0833333333334,715.0,137.5,169.0,35.75833333333333,44.9,0.3083333333333333,0.557,0.07351666666666666,0.138,0.03696666666666667,0.0574,79541.66666666667,83200,4900.833333333333,5380.0,2.0,2.0,17.0,9,6,2,461.0,2.4,2017.0,9,6,133,активна
2017-09-06 03:00:00,2017.0,2017.0,9.0,9,6.0,6,327.5,355,58002.0,58002,12450.0,14100,523.0833333333334,619.0,95.69166666666666,115.0,21.875,24.5,0.3034166666666667,0.527,0.07781666666666667,0.139,0.035133333333333336,0.0499,72866.66666666667,75400,3920.0,4320.0,3.0,3.0,17.0,9,6,3,456.0,4.9,2017.0,9,6,133,активна
2017-09-06 04:00:00,2017.0,2017.0,9.0,9,6.0,6,427.5,455,58002.0,58002,16050.0,17700,965.75,1100.0,123.75,142.0,21.15833333333333,24.1,0.2643333333333333,0.535,0.070925,0.148,0.033183333333333336,0.0797,59775.0,67900,2608.3333333333335,3160.0,4.0,4.0,17.0,9,6,4,454.0,4.5,2017.0,9,6,133,активна
2017-09-06 05:00:00,2017.0,2017.0,9.0,9,6.0,6,527.5,555,58002.0,58002,19650.0,21300,674.6666666666666,887.0,100.08333333333333,111.0,17.49166666666667,20.1,0.26625,0.623,0.07311666666666668,0.182,0.03223333333333333,0.0568,55741.666666666664,64100,2446.6666666666665,2790.0,5.0,5.0,17.0,9,6,5,455.0,2.7,2017.0,9,6,133,активна
2017-09-06 06:00:00,2017.0,2017.0,9.0,9,6.0,6,627.5,655,58002.0,58002,23250.0,24900,649.8333333333334,741.0,125.0,143.0,16.98333333333333,18.7,0.30975,0.611,0.093125,0.192,0.040516666666666666,0.0801,51141.666666666664,54500,2355.0,2420.0,6.0,6.0,17.0,9,6,6,457.0,2.3,2017.0,9,6,133,активна
2017-09-06 07:00:00,2017.0,2017.0,9.0,9,6.0,6,727.5,755,58002.0,58002,26850.0,28500,1039.5,1280.0,194.33333333333334,214.0,21.291666666666668,23.8,0.2725,0.501,0.081575,0.17,0.041325,0.0872,48408.333333333336,52400,2420.8333333333335,2670.0,7.0,7.0,17.0,9,6,7,449.0,2.4,2017.0,9,6,133,активна
2017-09-06 08:00:00,2017.0,2017.0,9.0,9,6.0,6,827.5,855,58002.0,58002,30450.0,32100,1575.8333333333333,2030.0,179.83333333333334,215.0,18.64166666666667,21.9,0.28241666666666665,0.574,0.08241666666666668,0.173,0.03750833333333334,0.0648,38425.0,45700,1903.3333333333333,2280.0,8.0,8.0,17.0,9,6,8,447.0,2.7,2017.0,9,6,133,активна
2017-09-06 09:00:00,2017.0,2017.0,9.0,9,6.0,6,927.5,955,58002.0,58002,34050.0,35700,1291.6666666666667,1480.0,156.75,191.0,16.866666666666664,19.8,0.21675000000000003,0.262,0.06699166666666666,0.109,0.037224999999999994,0.0797,43191.666666666664,44700,2210.0,2340.0,9.0,9.0,17.0,9,6,9,445.0,2.8,2017.0,9,6,133,активна
2017-09-06 10:00:00,2017.0,2017.0,9.0,9,6.0,6,1027.5,1055,58002.0,58002,37650.0,39300,1138.8333333333333,1600.0,155.41666666666666,193.0,16.874999999999996,19.3,0.28258333333333335,0.484,0.08564166666666666,0.141,0.039349999999999996,0.0722,45941.666666666664,49600,2541.6666666666665,2760.0,10.0,10.0,17.0,9,6,10,445.0,2.4,2017.0,9,6,133,активна
2017-09-06 11:00:00,2017.0,2017.0,9.0,9,6.0,6,1127.5,1155,58002.0,58002,41250.0,42900,1203.3333333333333,1460.0,165.83333333333334,175.0,15.508333333333331,16.8,0.23983333333333337,0.41,0.07680833333333333,0.125,0.03926666666666667,0.0846,44225.0,46600,2702.5,2920.0,11.0,11.0,17.0,9,6,11,442.0,2.9,2017.0,9,6,133,активна
2017-09-06 12:00:00,2017.0,2017.0,9.0,9,6.0,6,1227.5,1255,58002.0,58002,44850.0,46500,1317.5,1460.0,173.33333333333334,188.0,16.28333333333333,17.6,0.45391666666666675,1.07,0.18079166666666668,0.528,0.09011666666666668,0.275,47783.333333333336,51900,3335.0,3820.0,12.0,12.0,17.0,9,6,12,442.0,2.1,2017.0,9,6,133,активна
2017-09-06 13:00:00,2017.0,2017.0,9.0,9,6.0,6,1327.5,1355,58002.0,58002,48450.0,50100,1100.75,1320.0,169.25,189.0,18.65,20.1,2.915833333333333,3.66,1.312,1.65,0.3238333333333333,0.406,61316.666666666664,69500,4699.166666666667,5570.0,13.0,13.0,17.0,9,6,13,443.0,2.0,2017.0,9,6,133,активна
2017-09-06 14:00:00,2017.0,2017.0,9.0,9,6.0,6,1427.5,1455,58002.0,58002,52050.0,53700,813.9166666666666,882.0,160.08333333333334,181.0,19.741666666666667,23.4,3.6274999999999995,4.18,1.528333333333333,1.7,0.3125833333333334,0.373,74183.33333333333,79300,6198.333333333333,6670.0,14.0,14.0,17.0,9,6,14,443.0,1.8,2017.0,9,6,133,активна
2017-09-06 15:00:00,2017.0,2017.0,9.0,9,6.0,6,1527.5,1555,58002.0,58002,55650.0,57300,1014.5833333333334,1080.0,192.16666666666666,209.0,26.558333333333337,27.7,4.204166666666667,4.56,1.575,1.83,0.29108333333333336,0.394,83050.0,93200,7238.333333333333,8400.0,15.0,15.0,17.0,9,6,15,442.0,1.6,2017.0,9,6,133,активна
2017-09-06 16:00:00,2017.0,2017.0,9.0,9,6.0,6,1627.5,1655,58002.0,58002,59250.0,60900,877.25,981.0,121.675,154.0,21.666666666666668,25.6,3.7808333333333333,4.38,1.3905,1.57,0.26366666666666666,0.336,103858.33333333333,109000,10922.5,12300.0,16.0,16.0,17.0,9,6,16,424.0,1.1,2017.0,9,6,133,активна
2017-09-06 17:00:00,2017.0,2017.0,9.0,9,6.0,6,1727.5,1755,58002.0,58002,62850.0,64500,568.1666666666666,647.0,71.74166666666666,79.9,19.241666666666667,22.1,3.0316666666666663,3.89,1.03425,1.43,0.19758333333333333,0.31,108916.66666666667,109000,12300.0,12700.0,17.0,17.0,17.0,9,6,17,395.0,1.1,2017.0,9,6,133,активна
2017-09-06 18:00:00,2017.0,2017.0,9.0,9,6.0,6,1827.5,1855,58002.0,58002,66450.0,68100,454.3333333333333,484.0,60.5,66.5,19.016666666666666,21.7,2.838333333333333,3.83,0.9599166666666666,1.34,0.19833333333333333,0.291,104000.0,104000,12025.0,12200.0,18.0,18.0,17.0,9,6,18,370.0,2.3,2017.0,9,6,133,активна
2017-09-06 19:00:00,2017.0,2017.0,9.0,9,6.0,6,1927.5,1955,58002.0,58002,70050.0,71700,467.8333333333333,516.0,55.45833333333334,61.3,19.075,22.7,2.8633333333333333,3.97,0.8870833333333333,1.25,0.15698333333333334,0.245,105500.0,109000,12425.0,12700.0,19.0,19.0,17.0,9,6,19,374.0,2.0,2017.0,9,6,133,активна
2017-09-06 20:00:00,2017.0,2017.0,9.0,9,6.0,6,2027.5,2055,58002.0,58002,73650.0,75300,435.25,480.0,50.87499999999999,58.9,19.841666666666665,21.7,2.5483333333333333,3.73,0.7149166666666665,1.11,0.12541666666666665,0.178,104083.33333333333,105000,12233.333333333334,12500.0,20.0,20.0,17.0,9,6,20,412.0,0.7,2017.0,9,6,133,активна
2017-09-06 21:00:00,2017.0,2017.0,9.0,9,6.0,6,2127.5,2155,58002.0,58002,77250.0,78900,438.0,466.0,50.525000000000006,55.7,21.058333333333337,23.3,2.4625,2.86,0.6685833333333333,0.966,0.123975,0.217,107000.0,109000,12908.333333333334,13300.0,21.0,21.0,17.0,9,6,21,393.0,1.1,2017.0,9,6,133,активна
2017-09-06 22:00:00,2017.0,2017.0,9.0,9,6.0,6,2227.5,2255,58002.0,58002,80850.0,82500,527.0833333333334,673.0,67.80833333333332,81.0,25.825000000000003,28.2,2.63,3.8,0.6853333333333333,0.888,0.12969166666666668,0.195,106416.66666666667,109000,12975.0,13900.0,22.0,22.0,17.0,9,6,22,397.0,1.3,2017.0,9,6,133,активна
2017-09-06 23:00:00,2017.0,2017.0,9.0,9,6.0,6,2327.5,2355,58002.0,58002,84450.0,86100,3762.3333333333335,17300.0,324.675,1210.0,38.16666666666667,83.1,2.4524999999999997,3.29,0.5690833333333334,0.7,0.1023,0.168,110183.33333333333,119000,14333.333333333334,16200.0,23.0,23.0,17.0,9,6,23,560.0,10.6,2017.0,9,6,133,дуже активна
2017-09-07 00:00:00,2017.0,2017.0,9.0,9,7.0,7,27.5,55,58003.0,58003,1650.0,3300,15908.333333333334,19200.0,615.75,708.0,35.43333333333333,43.6,2.3158333333333334,3.3,0.5405833333333333,0.799,0.09210833333333333,0.148,90858.33333333333,110000,11017.5,14400.0,0.0,0.0,17.0,9,7,0,579.0,17.5,2017.0,9,7,129,активна
2017-09-07 01:00:00,2017.0,2017.0,9.0,9,7.0,7,127.5,155,58003.0,58003,5250.0,6900,11870.833333333334,15400.0,400.4166666666667,531.0,67.84166666666667,102.0,4.62,6.8,0.8030833333333334,1.16,0.08410833333333334,0.127,66050.0,73600,6749.166666666667,7850.0,1.0,1.0,17.0,9,7,1,592.0,13.0,2017.0,9,7,129,активна
2017-09-07 02:00:00,2017.0,2017.0,9.0,9,7.0,7,227.5,255,58003.0,58003,8850.0,10500,7450.0,8330.0,631.3333333333334,872.0,205.25,270.0,9.295833333333333,10.7,1.2133333333333334,1.47,0.07560000000000001,0.127,53091.666666666664,68800,5149.166666666667,6280.0,2.0,2.0,17.0,9,7,2,599.0,7.7,2017.0,9,7,129,активна
2017-09-07 03:00:00,2017.0,2017.0,9.0,9,7.0,7,327.5,355,58003.0,58003,12450.0,14100,4970.0,5490.0,1014.1666666666666,1070.0,294.25,317.0,10.599166666666667,11.7,1.2147499999999998,1.51,0.06776666666666666,0.127,28172.5,46400,3496.6666666666665,5020.0,3.0,3.0,17.0,9,7,3,593.0,8.0,2017.0,9,7,129,дуже активна
2017-09-07 04:00:00,2017.0,2017.0,9.0,9,7.0,7,427.5,455,58003.0,58003,16050.0,17700,4465.833333333333,4750.0,972.6666666666666,1020.0,287.1666666666667,299.0,10.45,11.2,1.1833333333333331,1.45,0.05734166666666667,0.12,1662.0833333333333,3030,1294.1666666666667,1410.0,4.0,4.0,17.0,9,7,4,575.0,7.3,2017.0,9,7,129,дуже активна
2017-09-07 05:00:00,2017.0,2017.0,9.0,9,7.0,7,527.5,555,58003.0,58003,19650.0,21300,4481.666666666667,4980.0,912.25,1020.0,251.83333333333334,284.0,8.980000000000002,10.0,1.0353333333333332,1.2,0.05608333333333334,0.115,10177.5,17000,1557.5,1790.0,5.0,5.0,17.0,9,7,5,564.0,6.1,2017.0,9,7,129,дуже активна
2017-09-07 06:00:00,2017.0,2017.0,9.0,9,7.0,7,627.5,655,58003.0,58003,23250.0,24900,3244.1666666666665,3830.0,616.3333333333334,727.0,152.53333333333333,192.0,5.655000000000001,7.56,0.7789166666666666,1.2,0.07116666666666667,0.127,12600.0,18200,1224.75,1740.0,6.0,6.0,17.0,9,7,6,547.0,5.9,2017.0,9,7,129,активна
2017-09-07 07:00:00,2017.0,2017.0,9.0,9,7.0,7,727.5,755,58003.0,58003,26850.0,28500,2167.5,2460.0,454.5833333333333,543.0,102.71666666666665,129.0,2.8033333333333332,3.5,0.38966666666666666,0.537,0.0541,0.136,10090.833333333334,14400,813.8333333333334,1070.0,7.0,7.0,17.0,9,7,7,542.0,4.9,2017.0,9,7,129,активна
2017-09-07 08:00:00,2017.0,2017.0,9.0,9,7.0,7,827.5,855,58003.0,58003,30450.0,32100,1800.8333333333333,2070.0,423.5833333333333,474.0,85.06666666666668,114.0,2.1149999999999998,2.83,0.3144166666666667,0.468,0.055033333333333344,0.115,10378.333333333334,11400,698.9166666666666,783.0,8.0,8.0,17.0,9,7,8,539.0,3.3,2017.0,9,7,129,активна
2017-09-07 09:00:00,2017.0,2017.0,9.0,9,7.0,7,927.5,955,58003.0,58003,34050.0,35700,2186.6666666666665,2630.0,459.6666666666667,554.0,97.675,118.0,2.5,3.39,0.3349166666666667,0.501,0.04328333333333333,0.107,15195.0,24900,1157.4166666666667,1760.0,9.0,9.0,17.0,9,7,9,536.0,3.1,2017.0,9,7,129,активна
2017-09-07 10:00:00,2017.0,2017.0,9.0,9,7.0,7,1027.5,1055,58003.0,58003,37650.0,39300,2785.8333333333335,3020.0,744.6666666666666,957.0,173.58333333333334,255.0,3.268333333333333,4.35,0.39675,0.588,0.063425,0.127,10502.5,12800,1278.5,1520.0,10.0,10.0,17.0,9,7,10,518.0,3.1,2017.0,9,7,129,активна
2017-09-07 11:00:00,2017.0,2017.0,9.0,9,7.0,7,1127.5,1155,58003.0,58003,41250.0,42900,2538.3333333333335,2750.0,636.0833333333334,763.0,142.83333333333334,182.0,5.302499999999999,8.01,0.6556666666666667,1.15,0.04003333333333333,0.0957,13380.0,18300,1134.9166666666667,1460.0,11.0,11.0,17.0,9,7,11,556.0,2.8,2017.0,9,7,129,активна
2017-09-07 12:00:00,2017.0,2017.0,9.0,9,7.0,7,1227.5,1255,58003.0,58003,44850.0,46500,1939.1666666666667,2420.0,511.5,660.0,132.01666666666668,166.0,4.019166666666667,7.61,0.5143333333333333,1.21,0.052758333333333324,0.127,8595.0,9710,792.0833333333334,1040.0,12.0,12.0,17.0,9,7,12,551.0,4.0,2017.0,9,7,129,активна
2017-09-07 13:00:00,2017.0,2017.0,9.0,9,7.0,7,1327.5,1355,58003.0,58003,48450.0,50100,1255.0,1390.0,326.6666666666667,346.0,88.78333333333332,94.2,2.5666666666666664,3.02,0.37975,0.54,0.06372499999999999,0.127,12525.0,14900,649.6666666666666,693.0,13.0,13.0,17.0,9,7,13,537.0,4.3,2017.0,9,7,129,активна
2017-09-07 14:00:00,2017.0,2017.0,9.0,9,7.0,7,1427.5,1455,58003.0,58003,52050.0,53700,1115.0,1170.0,358.1666666666667,411.0,109.41666666666667,125.0,3.081666666666667,4.04,0.39266666666666666,0.599,0.05101666666666666,0.127,17891.666666666668,19300,820.5833333333334,945.0,14.0,14.0,17.0,9,7,14,510.0,4.2,2017.0,9,7,129,активна
2017-09-07 15:00:00,2017.0,2017.0,9.0,9,7.0,7,1527.5,1555,58003.0,58003,55650.0,57300,931.25,1030.0,294.5,358.0,82.36666666666666,105.0,2.206666666666667,2.92,0.2796666666666667,0.411,0.035916666666666666,0.0743,20600.0,22000,800.6666666666666,880.0,15.0,15.0,17.0,9,7,15,524.0,3.6,2017.0,9,7,129,активна
2017-09-07 16:00:00,2017.0,2017.0,9.0,9,7.0,7,1627.5,1655,58003.0,58003,59250.0,60900,859.9166666666666,926.0,271.0,288.0,80.61666666666667,87.3,1.9975000000000003,2.5,0.26258333333333334,0.406,0.041841666666666666,0.118,23575.0,24600,930.4166666666666,1000.0,16.0,16.0,17.0,9,7,16,535.0,2.7,2017.0,9,7,129,активна
2017-09-07 17:00:00,2017.0,2017.0,9.0,9,7.0,7,1727.5,1755,58003.0,58003,62850.0,64500,742.3333333333334,775.0,246.58333333333334,269.0,88.925,97.7,2.1583333333333328,2.97,0.2544166666666667,0.424,0.034791666666666665,0.0702,25150.0,26000,997.8333333333334,1030.0,17.0,17.0,17.0,9,7,17,494.0,2.7,2017.0,9,7,129,активна
2017-09-07 18:00:00,2017.0,2017.0,9.0,9,7.0,7,1827.5,1855,58003.0,58003,66450.0,68100,600.75,646.0,187.58333333333334,199.0,75.98333333333332,78.5,1.9749999999999996,2.4,0.24491666666666664,0.377,0.03725833333333333,0.0944,25600.0,26000,960.5833333333334,1000.0,18.0,18.0,17.0,9,7,18,498.0,1.7,2017.0,9,7,129,активна
2017-09-07 19:00:00,2017.0,2017.0,9.0,9,7.0,7,1927.5,1955,58003.0,58003,70050.0,71700,671.2727272727273,713.0,197.27272727272728,210.0,80.23636363636365,87.5,2.105454545454546,3.0,0.2889090909090909,0.422,0.05506363636363636,0.092,28309.090909090908,29500,1053.7272727272727,1090.0,19.0,19.0,17.0,9,7,19,520.0,1.5,2017.0,9,7,129,активна
2017-09-07 20:00:00,2017.0,2017.0,9.0,9,7.0,7,2027.5,2055,58003.0,58003,73650.0,75300,816.9166666666666,1120.0,285.5833333333333,431.0,121.18333333333334,182.0,2.9266666666666663,4.17,0.3055833333333334,0.391,0.033424999999999996,0.083,29550.0,31800,1346.6666666666667,1790.0,20.0,20.0,17.0,9,7,20,458.0,3.3,2017.0,9,7,129,активна
2017-09-07 21:00:00,2017.0,2017.0,9.0,9,7.0,7,2127.5,2155,58003.0,58003,77250.0,78900,1954.1666666666667,3150.0,773.0833333333334,1070.0,229.25,271.0,6.415,7.53,0.6325833333333333,0.828,0.030808333333333337,0.0541,28491.666666666668,33400,1935.8333333333333,2320.0,21.0,21.0,17.0,9,7,21,462.0,1.5,2017.0,9,7,129,дуже активна
2017-09-07 22:00:00,2017.0,2017.0,9.0,9,7.0,7,2227.5,2255,58003.0,58003,80850.0,82500,6137.5,8320.0,1058.4166666666667,1160.0,214.16666666666666,245.0,4.1525,6.99,0.4033333333333333,0.698,0.03333333333333333,0.0872,29558.333333333332,35600,2100.8333333333335,2420.0,22.0,22.0,17.0,9,7,22,555.0,3.6,2017.0,9,7,129,дуже активна
2017-09-07 23:00:00,2017.0,2017.0,9.0,9,7.0,7,2327.5,2355,58003.0,58003,84450.0,86100,8985.833333333334,14200.0,1527.1666666666667,2890.0,339.0833333333333,713.0,11.864166666666668,27.1,1.2145833333333333,2.65,0.02654166666666667,0.0283,1208.6666666666667,4860,1546.0833333333333,3220.0,23.0,23.0,17.0,9,7,23,745.0,1.0,2017.0,9,7,129,дуже активна
2017-09-08 00:00:00,2017.0,2017.0,9.0,9,8.0,8,27.5,55,58004.0,58004,1650.0,3300,5642.5,8360.0,744.4166666666666,1030.0,184.20833333333334,279.0,12.383333333333335,18.7,1.8191666666666668,2.74,0.07196666666666666,0.122,216.71666666666667,667,763.75,930.0,0.0,0.0,17.0,9,8,0,718.0,3.4,2017.0,9,8,117,дуже активна
2017-09-08 01:00:00,2017.0,2017.0,9.0,9,8.0,8,127.5,155,58004.0,58004,5250.0,6900,5160.833333333333,9380.0,516.9166666666666,879.0,120.10000000000001,175.0,7.857500000000001,10.1,1.1460833333333333,1.57,0.039,0.123,235.75833333333333,708,492.6666666666667,877.0,1.0,1.0,17.0,9,8,1,708.0,1.3,2017.0,9,8,117,активна
2017-09-08 02:00:00,2017.0,2017.0,9.0,9,8.0,8,227.5,255,58004.0,58004,8850.0,10500,2767.5,3120.0,351.25,375.0,88.72499999999998,94.9,5.579166666666666,6.42,0.8045,0.98,0.026708333333333337,0.0295,443.6666666666667,898,373.9166666666667,408.0,2.0,2.0,17.0,9,8,2,710.0,2.5,2017.0,9,8,117,активна
2017-09-08 03:00:00,2017.0,2017.0,9.0,9,8.0,8,327.5,355,58004.0,58004,12450.0,14100,2674.1666666666665,3330.0,332.5833333333333,386.0,83.41666666666667,96.6,4.349166666666666,5.93,0.6052500000000001,0.909,0.028241666666666665,0.0459,929.0833333333334,1090,360.4166666666667,425.0,3.0,3.0,17.0,9,8,3,703.0,3.4,2017.0,9,8,117,активна
2017-09-08 04:00:00,2017.0,2017.0,9.0,9,8.0,8,427.5,455,58004.0,58004,16050.0,17700,3457.5,4230.0,489.5,655.0,119.3,147.0,6.578333333333334,7.26,0.87575,1.04,0.02638333333333333,0.0264,667.6666666666666,1270,534.5,741.0,4.0,4.0,17.0,9,8,4,674.0,3.0,2017.0,9,8,117,активна
2017-09-08 05:00:00,2017.0,2017.0,9.0,9,8.0,8,527.5,555,58004.0,58004,19650.0,21300,4132.5,4540.0,557.75,722.0,126.08333333333333,163.0,5.565833333333334,7.82,0.6961666666666667,0.968,0.026525000000000003,0.0268,2138.3333333333335,3040,593.5,808.0,5.0,5.0,17.0,9,8,5,671.0,4.8,2017.0,9,8,117,активна
2017-09-08 06:00:00,2017.0,2017.0,9.0,9,8.0,8,627.5,655,58004.0,58004,23250.0,24900,2219.1666666666665,2590.0,301.8333333333333,368.0,71.09166666666667,86.5,3.249166666666666,5.2,0.44683333333333336,0.788,0.026749999999999996,0.0269,2279.1666666666665,3530,332.1666666666667,386.0,6.0,6.0,17.0,9,8,6,713.0,2.7,2017.0,9,8,117,активна
2017-09-08 07:00:00,2017.0,2017.0,9.0,9,8.0,8,727.5,755,58004.0,58004,26850.0,28500,2329.1666666666665,2560.0,255.75,283.0,55.550000000000004,62.0,2.0905,3.15,0.30350000000000005,0.457,0.032591666666666665,0.068,2491.6666666666665,3870,261.8333333333333,303.0,7.0,7.0,17.0,9,8,7,741.0,3.0,2017.0,9,8,117,активна
2017-09-08 08:00:00,2017.0,2017.0,9.0,9,8.0,8,827.5,855,58004.0,58004,30450.0,32100,2898.3333333333335,3210.0,268.4166666666667,284.0,53.025000000000006,57.3,1.6409166666666666,2.26,0.2301666666666667,0.314,0.02821666666666667,0.0422,2338.3333333333335,2870,268.75,293.0,8.0,8.0,17.0,9,8,8,769.0,5.7,2017.0,9,8,117,активна
2017-09-08 09:00:00,2017.0,2017.0,9.0,9,8.0,8,927.5,955,58004.0,58004,34050.0,35700,2585.0,2890.0,234.41666666666666,249.0,44.85833333333333,48.6,0.8647499999999999,1.44,0.16341666666666665,0.227,0.045075000000000004,0.07,1725.0,2020,237.83333333333334,270.0,9.0,9.0,17.0,9,8,9,762.0,7.0,2017.0,9,8,117,активна
2017-09-08 10:00:00,2017.0,2017.0,9.0,9,8.0,8,1027.5,1055,58004.0,58004,37650.0,39300,2210.0,2430.0,203.16666666666666,223.0,38.00833333333333,42.0,0.7200000000000001,0.926,0.15084166666666665,0.212,0.04569166666666668,0.0659,1522.5,1640,210.0,233.0,10.0,10.0,17.0,9,8,10,763.0,6.6,2017.0,9,8,117,активна
2017-09-08 11:00:00,2017.0,2017.0,9.0,9,8.0,8,1127.5,1155,58004.0,58004,41250.0,42900,1674.5833333333333,2120.0,161.5,196.0,29.724999999999998,35.2,0.4076666666666667,0.841,0.0883,0.164,0.03316666666666667,0.0539,2188.3333333333335,4080,173.91666666666666,198.0,11.0,11.0,17.0,9,8,11,764.0,3.9,2017.0,9,8,117,активна
2017-09-08 12:00:00,2017.0,2017.0,9.0,9,8.0,8,1227.5,1255,58004.0,58004,44850.0,46500,6120.583333333333,32500.0,65.59166666666667,90.6,12.045833333333334,16.6,0.24850000000000003,0.497,0.06805833333333335,0.144,0.029208333333333336,0.0478,4426.916666666667,16600,79.27499999999999,120.0,12.0,12.0,17.0,9,8,12,802.0,2.7,2017.0,9,8,117,активна
2017-09-08 13:00:00,2017.0,2017.0,9.0,9,8.0,8,1327.5,1355,58004.0,58004,48450.0,50100,6297.5,20800.0,44.400000000000006,54.5,8.6275,10.2,0.20791666666666664,0.261,0.06005,0.0791,0.027116666666666667,0.0317,13912.683333333334,31400,237.26666666666665,491.0,13.0,13.0,17.0,9,8,13,806.0,4.3,2017.0,9,8,117,активна
2017-09-08 14:00:00,2017.0,2017.0,9.0,9,8.0,8,1427.5,1455,58004.0,58004,52050.0,53700,535.4166666666666,699.0,45.833333333333336,52.3,8.722499999999998,10.4,0.2171666666666667,0.352,0.06194166666666668,0.103,0.027625,0.0378,1237.99,3260,83.0,145.0,14.0,14.0,17.0,9,8,14,787.0,4.9,2017.0,9,8,117,активна
2017-09-08 15:00:00,2017.0,2017.0,9.0,9,8.0,8,1527.5,1555,58004.0,58004,55650.0,57300,607.5,1310.0,34.541666666666664,41.8,6.658333333333334,7.69,0.19366666666666668,0.201,0.05874166666666667,0.0591,0.0267,0.0267,4552.083333333333,10700,186.24166666666667,428.0,15.0,15.0,17.0,9,8,15,776.0,3.6,2017.0,9,8,117,активна
2017-09-08 16:00:00,2017.0,2017.0,9.0,9,8.0,8,1627.5,1655,58004.0,58004,59250.0,60900,6871.666666666667,15800.0,35.21666666666666,42.2,7.275833333333331,9.6,0.19641666666666668,0.211,0.05861666666666667,0.059,0.0267,0.0267,12006.666666666666,21600,324.4166666666667,626.0,16.0,16.0,17.0,9,8,16,795.0,3.0,2017.0,9,8,117,активна
2017-09-08 17:00:00,2017.0,2017.0,9.0,9,8.0,8,1727.5,1755,58004.0,58004,62850.0,64500,2148.6666666666665,7220.0,56.14166666666667,59.7,10.387500000000001,11.5,0.2094166666666667,0.215,0.058041666666666665,0.0582,0.0267,0.0267,23575.0,34800,1059.6666666666667,1850.0,17.0,17.0,17.0,9,8,17,777.0,2.8,2017.0,9,8,117,активна
2017-09-08 18:00:00,2017.0,2017.0,9.0,9,8.0,8,1827.5,1855,58004.0,58004,66450.0,68100,2196.6666666666665,3100.0,59.75833333333335,68.3,10.555833333333332,11.6,0.23750000000000002,0.553,0.06815,0.179,0.029133333333333334,0.0559,39816.666666666664,60500,2759.1666666666665,4290.0,18.0,18.0,17.0,9,8,18,749.0,2.6,2017.0,9,8,117,активна
2017-09-08 19:00:00,2017.0,2017.0,9.0,9,8.0,8,1927.5,1955,58004.0,58004,70050.0,71700,1599.3333333333333,2760.0,48.94166666666666,54.7,9.894166666666669,11.4,0.24375,0.562,0.07355,0.179,0.03444166666666667,0.0685,66533.33333333333,73100,4326.666666666667,4770.0,19.0,19.0,17.0,9,8,19,728.0,1.3,2017.0,9,8,117,активна
2017-09-08 20:00:00,2017.0,2017.0,9.0,9,8.0,8,2027.5,2055,58004.0,58004,73650.0,75300,965.5833333333334,1450.0,58.466666666666676,65.1,10.663333333333334,11.5,0.2323333333333333,0.261,0.07713333333333332,0.105,0.04464166666666667,0.0734,77716.66666666667,83800,4620.833333333333,5410.0,20.0,20.0,17.0,9,8,20,675.0,0.9,2017.0,9,8,117,активна
2017-09-08 21:00:00,2017.0,2017.0,9.0,9,8.0,8,2127.5,2155,58004.0,58004,77250.0,78900,1337.5,1720.0,41.208333333333336,58.3,8.403333333333334,9.82,0.21250000000000002,0.249,0.06680000000000001,0.106,0.034525,0.0734,104275.0,116000,5638.333333333333,7220.0,21.0,21.0,17.0,9,8,21,666.0,0.7,2017.0,9,8,117,активна
2017-09-08 22:00:00,2017.0,2017.0,9.0,9,8.0,8,2227.5,2255,58004.0,58004,80850.0,82500,769.0833333333334,949.0,37.46666666666667,44.7,7.800833333333333,8.84,0.2151666666666667,0.254,0.07277500000000002,0.114,0.0404,0.0813,119666.66666666667,134000,7117.5,8250.0,22.0,22.0,17.0,9,8,22,715.0,0.2,2017.0,9,8,117,активна
2017-09-08 23:00:00,2017.0,2017.0,9.0,9,8.0,8,2327.5,2355,58004.0,58004,84450.0,86100,784.9166666666666,1030.0,26.141666666666662,38.4,6.355833333333334,7.78,0.22808333333333333,0.349,0.08154166666666667,0.108,0.045716666666666676,0.0734,166000.0,176000,12309.166666666666,13900.0,23.0,23.0,17.0,9,8,23,699.0,0.2,2017.0,9,8,117,активна
2017-09-09 00:00:00,2017.0,2017.0,9.0,9,9.0,9,27.5,55,58005.0,58005,1650.0,3300,549.5,629.0,22.733333333333338,23.9,6.045000000000001,6.55,0.2174166666666667,0.386,0.07258333333333333,0.125,0.0354,0.0685,151166.66666666666,159000,10765.0,12300.0,0.0,0.0,17.0,9,9,0,634.0,0.3,2017.0,9,9,107,активна
2017-09-09 01:00:00,2017.0,2017.0,9.0,9,9.0,9,127.5,155,58005.0,58005,5250.0,6900,424.8333333333333,454.0,28.36666666666667,31.8,5.7749999999999995,6.57,0.19891666666666663,0.228,0.06645,0.0937,0.033499999999999995,0.061,137833.33333333334,146000,8130.0,9000.0,1.0,1.0,17.0,9,9,1,614.0,0.3,2017.0,9,9,107,активна
2017-09-09 02:00:00,2017.0,2017.0,9.0,9,9.0,9,227.5,255,58005.0,58005,8850.0,10500,360.9166666666667,490.0,20.666666666666664,24.1,4.788333333333333,5.17,0.2051666666666667,0.317,0.07073333333333333,0.109,0.03386666666666666,0.0635,153000.0,159000,9301.666666666666,10900.0,2.0,2.0,17.0,9,9,2,656.0,0.3,2017.0,9,9,107,активна
2017-09-09 03:00:00,2017.0,2017.0,9.0,9,9.0,9,327.5,355,58005.0,58005,12450.0,14100,298.0833333333333,308.0,18.575,20.5,4.655833333333334,5.37,0.1885,0.257,0.06192499999999999,0.0915,0.02713333333333333,0.0396,151000.0,151000,7872.5,8300.0,3.0,3.0,17.0,9,9,3,606.0,0.3,2017.0,9,9,107,активна
2017-09-09 04:00:00,2017.0,2017.0,9.0,9,9.0,9,427.5,455,58005.0,58005,16050.0,17700,291.4166666666667,332.0,15.383333333333335,18.1,3.9275,4.23,0.18866666666666665,0.218,0.07315,0.0978,0.039599999999999996,0.0645,155583.33333333334,159000,7635.0,8000.0,4.0,4.0,17.0,9,9,4,564.0,0.5,2017.0,9,9,107,активна
2017-09-09 05:00:00,2017.0,2017.0,9.0,9,9.0,9,527.5,555,58005.0,58005,19650.0,21300,230.33333333333334,263.0,11.015833333333335,14.3,3.4975,3.89,0.17958333333333334,0.206,0.06264166666666668,0.087,0.02915,0.0536,157750.0,159000,8055.0,8340.0,5.0,5.0,17.0,9,9,5,555.0,0.8,2017.0,9,9,107,активна
2017-09-09 06:00:00,2017.0,2017.0,9.0,9,9.0,9,627.5,655,58005.0,58005,23250.0,24900,211.25,228.0,7.364166666666666,9.0,2.8275,3.5,0.18983333333333338,0.217,0.07785833333333333,0.103,0.044149999999999995,0.0695,172583.33333333334,176000,10145.0,11100.0,6.0,6.0,17.0,9,9,6,557.0,0.5,2017.0,9,9,107,тиха
2017-09-09 07:00:00,2017.0,2017.0,9.0,9,9.0,9,727.5,755,58005.0,58005,26850.0,28500,199.33333333333334,213.0,6.594166666666667,8.0,2.8841666666666668,3.52,0.17916666666666667,0.206,0.06809166666666666,0.0948,0.034333333333333334,0.061,176166.66666666666,178000,11508.333333333334,11700.0,7.0,7.0,17.0,9,9,7,556.0,0.6,2017.0,9,9,107,тиха
2017-09-09 08:00:00,2017.0,2017.0,9.0,9,9.0,9,827.5,855,58005.0,58005,30450.0,32100,215.41666666666666,240.0,7.037500000000001,8.21,2.8766666666666665,3.26,0.18325,0.213,0.071575,0.102,0.03784166666666667,0.0685,176583.33333333334,182000,11691.666666666666,12300.0,8.0,8.0,17.0,9,9,8,563.0,0.5,2017.0,9,9,107,тиха
2017-09-09 09:00:00,2017.0,2017.0,9.0,9,9.0,9,927.5,955,58005.0,58005,34050.0,35700,209.75,233.0,4.847499999999999,6.68,2.0941666666666667,2.77,0.18083333333333332,0.213,0.07667500000000001,0.108,0.04258333333333333,0.0738,180000.0,186000,12350.0,12800.0,9.0,9.0,17.0,9,9,9,563.0,0.6,2017.0,9,9,107,тиха
2017-09-09 10:00:00,2017.0,2017.0,9.0,9,9.0,9,1027.5,1055,58005.0,58005,37650.0,39300,185.5,199.0,3.1108333333333333,4.31,1.5136666666666665,2.28,0.16674999999999998,0.208,0.072925,0.126,0.038516666666666664,0.0913,181666.66666666666,186000,12483.333333333334,12800.0,10.0,10.0,17.0,9,9,10,568.0,0.5,2017.0,9,9,107,тиха
2017-09-09 11:00:00,2017.0,2017.0,9.0,9,9.0,9,1127.5,1155,58005.0,58005,41250.0,42900,189.66666666666666,208.0,2.536666666666667,3.59,1.1858333333333335,1.99,0.16125,0.204,0.07281666666666665,0.103,0.038108333333333334,0.0685,184500.0,186000,12733.333333333334,12800.0,11.0,11.0,17.0,9,9,11,569.0,0.4,2017.0,9,9,107,тиха
2017-09-09 12:00:00,2017.0,2017.0,9.0,9,9.0,9,1227.5,1255,58005.0,58005,44850.0,46500,165.25,192.0,3.0100000000000002,4.72,1.6135833333333336,2.35,0.17466666666666672,0.212,0.07989166666666667,0.122,0.04551666666666667,0.087,176000.0,176000,11625.0,12300.0,12.0,12.0,17.0,9,9,12,569.0,0.3,2017.0,9,9,107,тиха
2017-09-09 13:00:00,2017.0,2017.0,9.0,9,9.0,9,1327.5,1355,58005.0,58005,48450.0,50100,224.66666666666666,271.0,4.9833333333333325,6.48,1.9775,2.36,0.17299999999999996,0.217,0.07844999999999999,0.117,0.04406666666666667,0.0832,178833.33333333334,186000,12258.333333333334,13400.0,13.0,13.0,17.0,9,9,13,568.0,0.3,2017.0,9,9,107,тиха
2017-09-09 14:00:00,2017.0,2017.0,9.0,9,9.0,9,1427.5,1455,58005.0,58005,52050.0,53700,223.16666666666666,269.0,3.1233333333333335,5.88,1.12875,2.25,0.16066666666666668,0.193,0.07821666666666667,0.106,0.043325,0.0709,184083.33333333334,186000,13325.0,13800.0,14.0,14.0,17.0,9,9,14,573.0,0.3,2017.0,9,9,107,тиха
2017-09-09 15:00:00,2017.0,2017.0,9.0,9,9.0,9,1527.5,1555,58005.0,58005,55650.0,57300,192.75,222.0,2.7016666666666667,3.32,1.150333333333333,1.66,0.16474999999999998,0.186,0.08470000000000001,0.109,0.04968333333333333,0.0735,186000.0,186000,14025.0,14200.0,15.0,15.0,17.0,9,9,15,557.0,0.2,2017.0,9,9,107,тиха
2017-09-09 16:00:00,2017.0,2017.0,9.0,9,9.0,9,1627.5,1655,58005.0,58005,59250.0,60900,173.5,194.0,2.211666666666667,2.72,1.0459166666666666,1.35,0.16616666666666666,0.207,0.086575,0.106,0.05165833333333333,0.0709,186000.0,186000,14958.333333333334,15300.0,16.0,16.0,17.0,9,9,16,566.0,0.2,2017.0,9,9,107,тиха
2017-09-09 17:00:00,2017.0,2017.0,9.0,9,9.0,9,1727.5,1755,58005.0,58005,62850.0,64500,130.17499999999998,163.0,1.2359166666666666,1.72,0.7590833333333334,0.951,0.15358333333333332,0.191,0.08266666666666667,0.113,0.04755,0.0781,186000.0,186000,15391.666666666666,15600.0,17.0,17.0,17.0,9,9,17,564.0,0.2,2017.0,9,9,107,тиха
2017-09-09 18:00:00,2017.0,2017.0,9.0,9,9.0,9,1827.5,1855,58005.0,58005,66450.0,68100,92.65833333333332,134.0,0.60775,0.886,0.461,0.647,0.14016666666666666,0.167,0.07812500000000001,0.104,0.042866666666666664,0.0688,186000.0,186000,15700.0,16000.0,18.0,18.0,17.0,9,9,18,550.0,0.1,2017.0,9,9,107,тиха
2017-09-09 19:00:00,2017.0,2017.0,9.0,9,9.0,9,1927.5,1955,58005.0,58005,70050.0,71700,101.15833333333335,155.0,0.6733333333333335,1.37,0.4640833333333334,0.788,0.13708333333333336,0.168,0.07549166666666668,0.107,0.040625,0.0771,186000.0,186000,15975.0,16200.0,19.0,19.0,17.0,9,9,19,533.0,0.2,2017.0,9,9,107,тиха
2017-09-09 20:00:00,2017.0,2017.0,9.0,9,9.0,9,2027.5,2055,58005.0,58005,73650.0,75300,100.75833333333333,154.0,0.5247499999999999,0.797,0.39000000000000007,0.597,0.14583333333333334,0.312,0.084175,0.194,0.04591666666666667,0.0849,193833.33333333334,197000,17050.0,17500.0,20.0,20.0,17.0,9,9,20,499.0,0.3,2017.0,9,9,107,тиха
2017-09-09 21:00:00,2017.0,2017.0,9.0,9,9.0,9,2127.5,2155,58005.0,58005,77250.0,78900,106.33333333333333,147.0,0.4498333333333333,1.04,0.31825,0.661,0.12616666666666668,0.221,0.07075833333333334,0.121,0.03646666666666667,0.0626,197000.0,197000,17091.666666666668,17500.0,21.0,21.0,17.0,9,9,21,488.0,0.3,2017.0,9,9,107,тиха
2017-09-09 22:00:00,2017.0,2017.0,9.0,9,9.0,9,2227.5,2255,58005.0,58005,80850.0,82500,108.28333333333332,172.0,0.5067500000000001,0.914,0.3621666666666667,0.572,0.14341666666666666,0.249,0.0822,0.129,0.044791666666666674,0.0697,197000.0,197000,17158.333333333332,17600.0,22.0,22.0,17.0,9,9,22,495.0,0.3,2017.0,9,9,107,тиха
2017-09-09 23:00:00,2017.0,2017.0,9.0,9,9.0,9,2327.5,2355,58005.0,58005,84450.0,86100,106.8,146.0,0.43675,0.691,0.3095833333333333,0.451,0.12987500000000005,0.207,0.07465833333333334,0.121,0.040424999999999996,0.0648,193083.33333333334,197000,16591.666666666668,16700.0,23.0,23.0,17.0,9,9,23,473.0,0.6,2017.0,9,9,107,тиха
2017-09-10 00:00:00,2017.0,2017.0,9.0,9,10.0,10,27.5,55,58006.0,58006,1650.0,3300,121.59166666666665,172.0,0.4831666666666667,0.671,0.3036666666666667,0.591,0.14925000000000002,0.292,0.08929166666666667,0.185,0.047074999999999985,0.0829,192250.0,197000,16425.0,16600.0,0.0,0.0,17.0,9,10,0,464.0,0.5,2017.0,9,10,100,тиха
2017-09-10 01:00:00,2017.0,2017.0,9.0,9,10.0,10,127.5,155,58006.0,58006,5250.0,6900,100.43333333333334,178.0,0.46641666666666665,0.984,0.33749999999999997,0.515,0.12276666666666665,0.156,0.07504166666666667,0.106,0.04031666666666666,0.0623,186416.66666666666,195000,14666.666666666666,16600.0,1.0,1.0,17.0,9,10,1,470.0,0.4,2017.0,9,10,100,тиха
2017-09-10 02:00:00,2017.0,2017.0,9.0,9,10.0,10,227.5,255,58006.0,58006,8850.0,10500,105.55833333333332,138.0,0.5015833333333334,0.939,0.276,0.441,0.11934166666666667,0.18,0.07149166666666668,0.0993,0.038799999999999994,0.0697,176000.0,176000,12741.666666666666,13300.0,2.0,2.0,17.0,9,10,2,485.0,0.3,2017.0,9,10,100,тиха
2017-09-10 03:00:00,2017.0,2017.0,9.0,9,10.0,10,327.5,355,58006.0,58006,12450.0,14100,84.39999999999999,104.0,0.40891666666666665,0.708,0.2658333333333334,0.538,0.11969166666666668,0.196,0.07261666666666666,0.105,0.04058333333333334,0.0672,176000.0,176000,12033.333333333334,12300.0,3.0,3.0,17.0,9,10,3,491.0,0.3,2017.0,9,10,100,тиха
2017-09-10 04:00:00,2017.0,2017.0,9.0,9,10.0,10,427.5,455,58006.0,58006,16050.0,17700,83.26666666666667,102.0,0.45408333333333334,0.659,0.298,0.491,0.13269166666666668,0.28,0.07621666666666667,0.177,0.028308333333333335,0.0532,176000.0,176000,11508.333333333334,11600.0,4.0,4.0,17.0,9,10,4,497.0,0.3,2017.0,9,10,100,тиха
2017-09-10 05:00:00,2017.0,2017.0,9.0,9,10.0,10,527.5,555,58006.0,58006,19650.0,21300,91.675,134.0,0.5843333333333334,1.11,0.335,0.576,0.12422500000000002,0.176,0.08041666666666666,0.132,0.04153333333333333,0.0747,176000.0,176000,11366.666666666666,11500.0,5.0,5.0,17.0,9,10,5,472.0,0.7,2017.0,9,10,100,тиха
2017-09-10 06:00:00,2017.0,2017.0,9.0,9,10.0,10,627.5,655,58006.0,58006,23250.0,24900,103.28333333333335,133.0,0.7299166666666667,1.34,0.44725,0.841,0.14770833333333336,0.319,0.08620833333333333,0.202,0.036741666666666666,0.0814,170916.66666666666,176000,11000.0,11500.0,6.0,6.0,17.0,9,10,6,459.0,0.6,2017.0,9,10,100,тиха
2017-09-10 07:00:00,2017.0,2017.0,9.0,9,10.0,10,727.5,755,58006.0,58006,26850.0,28500,144.83333333333334,161.0,1.15675,2.0,0.5465,1.01,0.15537499999999996,0.373,0.08994166666666666,0.198,0.044766666666666656,0.0697,166666.66666666666,167000,10850.0,11500.0,7.0,7.0,17.0,9,10,7,467.0,0.4,2017.0,9,10,100,тиха
2017-09-10 08:00:00,2017.0,2017.0,9.0,9,10.0,10,827.5,855,58006.0,58006,30450.0,32100,153.10833333333332,197.0,1.4515000000000002,2.1,0.6312500000000001,0.883,0.14533333333333334,0.327,0.08279166666666667,0.188,0.04413333333333333,0.0747,167000.0,167000,11533.333333333334,11900.0,8.0,8.0,17.0,9,10,8,488.0,0.4,2017.0,9,10,100,тиха
2017-09-10 09:00:00,2017.0,2017.0,9.0,9,10.0,10,927.5,955,58006.0,58006,34050.0,35700,143.08333333333334,193.0,0.8855,1.64,0.3620833333333333,0.558,0.12068333333333335,0.209,0.07622499999999999,0.185,0.040249999999999994,0.0983,166833.33333333334,167000,11658.333333333334,12200.0,9.0,9.0,17.0,9,10,9,509.0,0.4,2017.0,9,10,100,тиха
2017-09-10 10:00:00,2017.0,2017.0,9.0,9,10.0,10,1027.5,1055,58006.0,58006,37650.0,39300,143.08333333333334,173.0,0.9332499999999998,1.38,0.43241666666666667,0.693,0.14216666666666664,0.164,0.08680833333333333,0.11,0.049475,0.072,166833.33333333334,167000,11725.0,11900.0,10.0,10.0,17.0,9,10,10,509.0,0.6,2017.0,9,10,100,тиха
2017-09-10 11:00:00,2017.0,2017.0,9.0,9,10.0,10,1127.5,1155,58006.0,58006,41250.0,42900,166.91666666666666,197.0,1.2269999999999999,2.24,0.5125000000000001,0.871,0.130975,0.181,0.073125,0.118,0.04206666666666666,0.082,161833.33333333334,167000,11341.666666666666,11700.0,11.0,11.0,17.0,9,10,11,496.0,0.6,2017.0,9,10,100,тиха
2017-09-10 12:00:00,2017.0,2017.0,9.0,9,10.0,10,1227.5,1255,58006.0,58006,44850.0,46500,178.66666666666666,224.0,1.3571666666666669,1.98,0.5063333333333332,0.858,0.12654166666666666,0.151,0.07401666666666666,0.101,0.04253333333333333,0.0729,159083.33333333334,160000,11141.666666666666,11400.0,12.0,12.0,17.0,9,10,12,499.0,0.5,2017.0,9,10,100,тиха
2017-09-10 13:00:00,2017.0,2017.0,9.0,9,10.0,10,1327.5,1355,58006.0,58006,48450.0,50100,196.25,237.0,1.4528333333333334,2.19,0.5339999999999999,0.839,0.146625,0.254,0.088675,0.122,0.05043333333333332,0.0927,160583.33333333334,164000,11550.0,12000.0,13.0,13.0,17.0,9,10,13,499.0,0.5,2017.0,9,10,100,тиха
2017-09-10 14:00:00,2017.0,2017.0,9.0,9,10.0,10,1427.5,1455,58006.0,58006,52050.0,53700,215.16666666666666,258.0,1.2488333333333332,2.08,0.40675,0.645,0.12059166666666667,0.179,0.07811666666666667,0.128,0.047575,0.094,163666.66666666666,167000,12100.0,12800.0,14.0,14.0,17.0,9,10,14,509.0,0.4,2017.0,9,10,100,тиха
2017-09-10 15:00:00,2017.0,2017.0,9.0,9,10.0,10,1527.5,1555,58006.0,58006,55650.0,57300,237.5,283.0,1.7608333333333335,2.51,0.60425,0.778,0.1365,0.193,0.07965833333333333,0.115,0.04354166666666667,0.0851,157083.33333333334,159000,11400.0,11700.0,15.0,15.0,17.0,9,10,15,518.0,0.3,2017.0,9,10,100,тиха
2017-09-10 16:00:00,2017.0,2017.0,9.0,9,10.0,10,1627.5,1655,58006.0,58006,59250.0,60900,384.6666666666667,719.0,34.62166666666667,153.0,26.70958333333333,123.0,16.715999999999998,64.5,12.033258333333334,38.0,3.2711583333333336,8.99,154666.66666666666,158000,11525.0,11800.0,16.0,16.0,17.0,9,10,16,484.0,0.5,2017.0,9,10,100,активна
2017-09-10 17:00:00,2017.0,2017.0,9.0,9,10.0,10,1727.5,1755,58006.0,58006,62850.0,64500,1238.0833333333333,1650.0,495.5,792.0,429.3333333333333,695.0,141.09166666666667,217.0,63.56666666666666,92.6,21.133333333333333,31.2,161166.66666666666,166000,11791.666666666666,12300.0,17.0,17.0,17.0,9,10,17,482.0,0.7,2017.0,9,10,100,активна
2017-09-10 18:00:00,2017.0,2017.0,9.0,9,10.0,10,1827.5,1855,58006.0,58006,66450.0,68100,1937.5,2260.0,951.9166666666666,1150.0,834.75,1010.0,289.8333333333333,356.0,124.91666666666667,153.0,38.324999999999996,44.9,166416.66666666666,171000,11941.666666666666,12400.0,18.0,18.0,17.0,9,10,18,469.0,0.9,2017.0,9,10,100,дуже активна
2017-09-10 19:00:00,2017.0,2017.0,9.0,9,10.0,10,1927.5,1955,58006.0,58006,70050.0,71700,1964.1666666666667,2180.0,813.75,1010.0,692.8333333333334,871.0,273.4166666666667,309.0,130.83333333333334,144.0,41.20000000000001,45.7,163500.0,173000,12708.333333333334,14200.0,19.0,19.0,17.0,9,10,19,526.0,0.6,2017.0,9,10,100,дуже активна
2017-09-10 20:00:00,2017.0,2017.0,9.0,9,10.0,10,2027.5,2055,58006.0,58006,73650.0,75300,1810.0,2050.0,734.6666666666666,838.0,612.4166666666666,680.0,256.5,275.0,130.08333333333334,141.0,40.90833333333334,45.7,153916.66666666666,158000,11591.666666666666,12400.0,20.0,20.0,17.0,9,10,20,537.0,1.3,2017.0,9,10,100,активна
2017-09-10 21:00:00,2017.0,2017.0,9.0,9,10.0,10,2127.5,2155,58006.0,58006,77250.0,78900,2551.6666666666665,3170.0,990.5,1140.0,800.9166666666666,894.0,306.25,324.0,150.25,160.0,46.60833333333334,49.6,164333.33333333334,181000,14066.666666666666,17700.0,21.0,21.0,17.0,9,10,21,560.0,0.8,2017.0,9,10,100,дуже активна
2017-09-10 22:00:00,2017.0,2017.0,9.0,9,10.0,10,2227.5,2255,58006.0,58006,80850.0,82500,2770.0,3500.0,1415.0,1540.0,1019.9166666666666,1070.0,349.0833333333333,377.0,171.25,191.0,52.93333333333333,61.5,148000.0,167000,11500.0,14600.0,22.0,22.0,17.0,9,10,22,552.0,2.6,2017.0,9,10,100,дуже активна
2017-09-10 23:00:00,2017.0,2017.0,9.0,9,10.0,10,2327.5,2355,58006.0,58006,84450.0,86100,3824.1666666666665,4140.0,1310.8333333333333,1410.0,952.25,988.0,338.5,351.0,162.83333333333334,169.0,47.675000000000004,49.2,168416.66666666666,178000,14800.0,17000.0,23.0,23.0,17.0,9,10,23,559.0,3.1,2017.0,9,10,100,дуже активна
2017-09-11 00:00:00,2017.0,2017.0,9.0,9,11.0,11,27.5,55,58007.0,58007,1650.0,3300,4891.666666666667,6400.0,1660.8333333333333,1920.0,1102.9166666666667,1230.0,366.1666666666667,398.0,172.33333333333334,185.0,48.85,51.7,144500.0,152000,11150.833333333334,13100.0,0.0,0.0,17.0,9,11,0,566.0,4.8,2017.0,9,11,80,дуже активна
2017-09-11 01:00:00,2017.0,2017.0,9.0,9,11.0,11,127.5,155,58007.0,58007,5250.0,6900,3895.0,5350.0,1823.3333333333333,1960.0,1167.5,1230.0,387.0833333333333,399.0,180.83333333333334,185.0,50.041666666666664,51.2,104200.0,129000,6556.666666666667,9310.0,1.0,1.0,17.0,9,11,1,575.0,3.2,2017.0,9,11,80,дуже активна
2017-09-11 02:00:00,2017.0,2017.0,9.0,9,11.0,11,227.5,255,58007.0,58007,8850.0,10500,3224.1666666666665,3480.0,1672.5,1760.0,1086.6666666666667,1110.0,376.9166666666667,384.0,177.75,180.0,48.1,49.3,98750.0,116000,5792.5,7060.0,2.0,2.0,17.0,9,11,2,564.0,4.0,2017.0,9,11,80,дуже активна
2017-09-11 03:00:00,2017.0,2017.0,9.0,9,11.0,11,327.5,355,58007.0,58007,12450.0,14100,2970.8333333333335,3110.0,1616.6666666666667,1690.0,1080.8333333333333,1120.0,377.3333333333333,388.0,174.66666666666666,178.0,44.275,45.7,101900.0,109000,6407.5,6720.0,3.0,3.0,17.0,9,11,3,557.0,4.6,2017.0,9,11,80,дуже активна
2017-09-11 04:00:00,2017.0,2017.0,9.0,9,11.0,11,427.5,455,58007.0,58007,16050.0,17700,2975.0,3540.0,1797.5,2030.0,1071.6666666666667,1100.0,363.6666666666667,372.0,167.58333333333334,171.0,41.425,42.9,77733.33333333333,92100,4571.666666666667,5870.0,4.0,4.0,17.0,9,11,4,556.0,3.6,2017.0,9,11,80,дуже активна
2017-09-11 05:00:00,2017.0,2017.0,9.0,9,11.0,11,527.5,555,58007.0,58007,19650.0,21300,3726.6666666666665,4010.0,2120.8333333333335,2240.0,1144.1666666666667,1200.0,365.3333333333333,374.0,162.83333333333334,165.0,38.12500000000001,40.2,52458.333333333336,60200,3320.8333333333335,3680.0,5.0,5.0,17.0,9,11,5,556.0,4.3,2017.0,9,11,80,дуже активна
2017-09-11 06:00:00,2017.0,2017.0,9.0,9,11.0,11,627.5,655,58007.0,58007,23250.0,24900,3605.8333333333335,3860.0,1993.3333333333333,2120.0,1114.1666666666667,1150.0,356.9166666666667,363.0,155.16666666666666,158.0,34.74166666666667,35.8,40491.666666666664,46800,2438.3333333333335,2760.0,6.0,6.0,17.0,9,11,6,558.0,4.5,2017.0,9,11,80,дуже активна
2017-09-11 07:00:00,2017.0,2017.0,9.0,9,11.0,11,727.5,755,58007.0,58007,26850.0,28500,3469.1666666666665,3600.0,1903.3333333333333,1960.0,1082.5,1100.0,345.6666666666667,351.0,146.91666666666666,151.0,31.733333333333334,33.2,38700.0,46100,2655.8333333333335,3160.0,7.0,7.0,17.0,9,11,7,556.0,4.2,2017.0,9,11,80,дуже активна
2017-09-11 08:00:00,2017.0,2017.0,9.0,9,11.0,11,827.5,855,58007.0,58007,30450.0,32100,3353.3333333333335,3570.0,1862.5,2000.0,1080.8333333333333,1150.0,338.4166666666667,348.0,140.08333333333334,143.0,28.958333333333332,30.7,37708.333333333336,52700,2734.1666666666665,3390.0,8.0,8.0,17.0,9,11,8,554.0,3.9,2017.0,9,11,80,дуже активна
2017-09-11 09:00:00,2017.0,2017.0,9.0,9,11.0,11,927.5,955,58007.0,58007,34050.0,35700,4557.5,5140.0,2306.6666666666665,2480.0,1236.6666666666667,1270.0,347.0833333333333,355.0,135.83333333333334,139.0,26.675000000000008,27.4,39583.333333333336,47600,3219.1666666666665,3930.0,9.0,9.0,17.0,9,11,9,555.0,4.3,2017.0,9,11,80,дуже активна
2017-09-11 10:00:00,2017.0,2017.0,9.0,9,11.0,11,1027.5,1055,58007.0,58007,37650.0,39300,5018.333333333333,5210.0,2265.0,2420.0,1190.8333333333333,1260.0,331.75,347.0,128.58333333333334,135.0,24.508333333333336,25.7,35016.666666666664,41600,2964.1666666666665,3260.0,10.0,10.0,17.0,9,11,10,556.0,5.2,2017.0,9,11,80,дуже активна
2017-09-11 11:00:00,2017.0,2017.0,9.0,9,11.0,11,1127.5,1155,58007.0,58007,41250.0,42900,4955.833333333333,5350.0,2298.3333333333335,2460.0,1243.3333333333333,1330.0,337.8333333333333,354.0,126.5,130.0,22.925,23.4,26416.666666666668,28900,2613.3333333333335,2830.0,11.0,11.0,17.0,9,11,11,556.0,5.5,2017.0,9,11,80,дуже активна
2017-09-11 12:00:00,2017.0,2017.0,9.0,9,11.0,11,1227.5,1255,58007.0,58007,44850.0,46500,4937.5,5120.0,2240.0,2400.0,1230.8333333333333,1330.0,327.75,352.0,118.91666666666667,127.0,20.650000000000002,21.7,31441.666666666668,34300,2619.1666666666665,2750.0,12.0,12.0,17.0,9,11,12,555.0,5.0,2017.0,9,11,80,дуже активна
2017-09-11 13:00:00,2017.0,2017.0,9.0,9,11.0,11,1327.5,1355,58007.0,58007,48450.0,50100,4525.0,4860.0,2048.3333333333335,2130.0,1136.6666666666667,1170.0,303.8333333333333,314.0,109.33333333333333,112.0,18.63333333333333,19.8,42341.666666666664,52100,3062.5,3820.0,13.0,13.0,17.0,9,11,13,555.0,4.7,2017.0,9,11,80,дуже активна
2017-09-11 14:00:00,2017.0,2017.0,9.0,9,11.0,11,1427.5,1455,58007.0,58007,52050.0,53700,4675.833333333333,5320.0,1936.6666666666667,2090.0,1086.6666666666667,1130.0,286.0,295.0,100.88333333333333,104.0,16.475000000000005,17.8,61983.333333333336,70700,4255.833333333333,5190.0,14.0,14.0,17.0,9,11,14,556.0,3.6,2017.0,9,11,80,дуже активна
2017-09-11 15:00:00,2017.0,2017.0,9.0,9,11.0,11,1527.5,1555,58007.0,58007,55650.0,57300,3988.3333333333335,4270.0,1743.3333333333333,1840.0,1024.1666666666667,1060.0,264.1666666666667,275.0,91.40000000000002,95.7,14.533333333333333,15.5,79850.0,89900,5774.166666666667,6850.0,15.0,15.0,17.0,9,11,15,557.0,2.7,2017.0,9,11,80,дуже активна
2017-09-11 16:00:00,2017.0,2017.0,9.0,9,11.0,11,1627.5,1655,58007.0,58007,59250.0,60900,3731.6666666666665,3890.0,1588.3333333333333,1640.0,954.0,989.0,242.33333333333334,255.0,83.77499999999999,88.7,13.408333333333333,14.2,99766.66666666667,106000,8503.333333333334,9670.0,16.0,16.0,17.0,9,11,16,556.0,2.5,2017.0,9,11,80,дуже активна
2017-09-11 17:00:00,2017.0,2017.0,9.0,9,11.0,11,1727.5,1755,58007.0,58007,62850.0,64500,4128.333333333333,4680.0,1530.0,1670.0,882.6666666666666,937.0,223.08333333333334,232.0,76.45833333333333,79.0,12.141666666666667,12.7,102566.66666666667,107000,9243.333333333334,10100.0,17.0,17.0,17.0,9,11,17,554.0,2.5,2017.0,9,11,80,дуже активна
2017-09-11 18:00:00,2017.0,2017.0,9.0,9,11.0,11,1827.5,1855,58007.0,58007,66450.0,68100,3978.3333333333335,4230.0,1152.5,1260.0,724.9166666666666,785.0,203.5,210.0,70.71666666666667,73.3,11.125,11.8,111000.0,122000,9992.5,11300.0,18.0,18.0,17.0,9,11,18,551.0,1.9,2017.0,9,11,80,дуже активна
2017-09-11 19:00:00,2017.0,2017.0,9.0,9,11.0,11,1927.5,1955,58007.0,58007,70050.0,71700,4061.6666666666665,4740.0,1020.0,1210.0,650.3333333333334,744.0,189.41666666666666,201.0,66.13333333333334,68.6,10.2125,10.6,120416.66666666667,128000,11358.333333333334,13200.0,19.0,19.0,17.0,9,11,19,550.0,1.8,2017.0,9,11,80,дуже активна
2017-09-11 20:00:00,2017.0,2017.0,9.0,9,11.0,11,2027.5,2055,58007.0,58007,73650.0,75300,3521.6666666666665,3830.0,933.0,1030.0,661.8333333333334,718.0,190.16666666666666,197.0,64.22500000000001,66.2,9.708333333333334,10.1,122416.66666666667,127000,11350.0,12100.0,20.0,20.0,17.0,9,11,20,547.0,1.5,2017.0,9,11,80,дуже активна
2017-09-11 21:00:00,2017.0,2017.0,9.0,9,11.0,11,2127.5,2155,58007.0,58007,77250.0,78900,3682.5,3790.0,1012.0,1090.0,693.75,713.0,176.83333333333334,183.0,58.633333333333326,60.9,8.995000000000001,9.42,126666.66666666667,132000,12916.666666666666,14100.0,21.0,21.0,17.0,9,11,21,547.0,1.9,2017.0,9,11,80,дуже активна
2017-09-11 22:00:00,2017.0,2017.0,9.0,9,11.0,11,2227.5,2255,58007.0,58007,80850.0,82500,3676.6666666666665,4060.0,1050.9166666666667,1240.0,675.25,715.0,167.75,171.0,55.03333333333334,56.3,8.314166666666667,8.75,120416.66666666667,128000,11553.333333333334,12700.0,22.0,22.0,17.0,9,11,22,539.0,1.6,2017.0,9,11,80,дуже активна
2017-09-11 23:00:00,2017.0,2017.0,9.0,9,11.0,11,2327.5,2355,58007.0,58007,84450.0,86100,3341.6666666666665,4090.0,1079.6666666666667,1250.0,675.5833333333334,708.0,161.33333333333334,163.0,51.95000000000001,52.7,7.802500000000001,8.07,107016.66666666667,116000,8718.333333333334,10200.0,23.0,23.0,17.0,9,11,23,533.0,1.2,2017.0,9,11,80,дуже активна
2017-09-12 00:00:00,2017.0,2017.0,9.0,9,12.0,12,27.5,55,58008.0,58008,1650.0,3300,3490.8333333333335,4000.0,986.25,1070.0,609.1666666666666,648.0,147.5,157.0,48.400000000000006,50.6,7.416666666666667,7.69,94733.33333333333,102000,6615.0,7470.0,0.0,0.0,17.0,9,12,0,492.0,1.8,2017.0,9,12,76,дуже активна
2017-09-12 01:00:00,2017.0,2017.0,9.0,9,12.0,12,127.5,155,58008.0,58008,5250.0,6900,3042.5,3480.0,935.0833333333334,967.0,562.9166666666666,591.0,137.5,143.0,45.55833333333333,47.4,6.900833333333332,7.3,79583.33333333333,97500,5068.333333333333,6680.0,1.0,1.0,17.0,9,12,1,471.0,2.8,2017.0,9,12,76,активна
2017-09-12 02:00:00,2017.0,2017.0,9.0,9,12.0,12,227.5,255,58008.0,58008,8850.0,10500,2670.8333333333335,2820.0,905.4166666666666,923.0,526.8333333333334,536.0,127.16666666666667,130.0,42.49166666666667,44.1,6.474999999999999,6.89,58416.666666666664,69000,3233.3333333333335,4050.0,2.0,2.0,17.0,9,12,2,457.0,4.3,2017.0,9,12,76,активна
2017-09-12 03:00:00,2017.0,2017.0,9.0,9,12.0,12,327.5,355,58008.0,58008,12450.0,14100,2780.8333333333335,2870.0,926.5,949.0,505.3333333333333,525.0,118.5,123.0,39.35,40.8,5.951666666666667,6.1,47875.0,57400,2448.3333333333335,3000.0,3.0,3.0,17.0,9,12,3,455.0,5.0,2017.0,9,12,76,активна
2017-09-12 04:00:00,2017.0,2017.0,9.0,9,12.0,12,427.5,455,58008.0,58008,16050.0,17700,2734.1666666666665,2810.0,872.4166666666666,913.0,463.3333333333333,485.0,109.08333333333333,113.0,36.33333333333332,37.6,5.536666666666666,5.7,30291.666666666668,37400,1441.6666666666667,1750.0,4.0,4.0,17.0,9,12,4,456.0,3.2,2017.0,9,12,76,активна
2017-09-12 05:00:00,2017.0,2017.0,9.0,9,12.0,12,527.5,555,58008.0,58008,19650.0,21300,2603.3333333333335,2730.0,846.0833333333334,866.0,442.6666666666667,456.0,101.73333333333333,105.0,33.675,34.8,5.099166666666666,5.27,23358.333333333332,26900,1190.8333333333333,1390.0,5.0,5.0,17.0,9,12,5,453.0,4.2,2017.0,9,12,76,активна
2017-09-12 06:00:00,2017.0,2017.0,9.0,9,12.0,12,627.5,655,58008.0,58008,23250.0,24900,2608.3333333333335,2730.0,798.6666666666666,837.0,410.25,430.0,93.75833333333334,98.7,30.84166666666667,32.3,4.695,4.98,23683.333333333332,27600,1154.25,1340.0,6.0,6.0,17.0,9,12,6,453.0,6.2,2017.0,9,12,76,активна
2017-09-12 07:00:00,2017.0,2017.0,9.0,9,12.0,12,727.5,755,58008.0,58008,26850.0,28500,2617.5,2840.0,750.0,767.0,384.5833333333333,390.0,85.77499999999999,89.0,27.991666666666664,29.5,4.339166666666666,4.62,13666.666666666666,17200,801.5,967.0,7.0,7.0,17.0,9,12,7,460.0,4.6,2017.0,9,12,76,активна
2017-09-12 08:00:00,2017.0,2017.0,9.0,9,12.0,12,827.5,855,58008.0,58008,30450.0,32100,2195.0,2460.0,664.9166666666666,753.0,346.3333333333333,394.0,74.66666666666667,81.1,23.8,25.9,3.66,3.99,24733.333333333332,44600,1258.3333333333333,2210.0,8.0,8.0,17.0,9,12,8,458.0,5.2,2017.0,9,12,76,активна
2017-09-12 09:00:00,2017.0,2017.0,9.0,9,12.0,12,927.5,955,58008.0,58008,34050.0,35700,1862.5,2030.0,574.5833333333334,627.0,308.8333333333333,335.0,66.78333333333333,69.3,21.208333333333332,22.1,3.1858333333333335,3.49,47000.0,56000,2223.3333333333335,2910.0,9.0,9.0,17.0,9,12,9,451.0,2.7,2017.0,9,12,76,активна
2017-09-12 10:00:00,2017.0,2017.0,9.0,9,12.0,12,1027.5,1055,58008.0,58008,37650.0,39300,1673.3333333333333,1820.0,575.75,611.0,305.8333333333333,334.0,65.70833333333333,73.3,20.925,23.2,3.1633333333333327,3.59,37466.666666666664,40800,1666.6666666666667,1800.0,10.0,10.0,17.0,9,12,10,457.0,2.6,2017.0,9,12,76,активна
2017-09-12 11:00:00,2017.0,2017.0,9.0,9,12.0,12,1127.5,1155,58008.0,58008,41250.0,42900,1589.1666666666667,1660.0,474.75,543.0,237.08333333333334,281.0,49.741666666666674,59.5,15.858333333333334,18.7,2.399166666666667,2.64,38466.666666666664,49300,2992.5,5120.0,11.0,11.0,17.0,9,12,11,479.0,2.3,2017.0,9,12,76,активна
2017-09-12 12:00:00,2017.0,2017.0,9.0,9,12.0,12,1227.5,1255,58008.0,58008,44850.0,46500,1572.5,1660.0,403.5833333333333,423.0,196.0,206.0,40.81666666666666,43.6,13.233333333333333,14.1,2.1166666666666667,2.23,43066.666666666664,49700,3875.8333333333335,4730.0,12.0,12.0,17.0,9,12,12,476.0,2.1,2017.0,9,12,76,активна
2017-09-12 13:00:00,2017.0,2017.0,9.0,9,12.0,12,1327.5,1355,58008.0,58008,48450.0,50100,1444.1666666666667,1550.0,381.0,388.0,183.83333333333334,191.0,38.09166666666666,39.3,12.249999999999998,13.0,1.9216666666666666,2.09,47241.666666666664,51600,4080.8333333333335,4480.0,13.0,13.0,17.0,9,12,13,463.0,2.0,2017.0,9,12,76,активна
2017-09-12 14:00:00,2017.0,2017.0,9.0,9,12.0,12,1427.5,1455,58008.0,58008,52050.0,53700,2600.0,3920.0,360.75,388.0,178.66666666666666,185.0,38.85833333333334,40.5,12.549999999999997,13.1,1.9833333333333332,2.08,62008.333333333336,81800,5761.666666666667,8290.0,14.0,14.0,17.0,9,12,14,459.0,2.2,2017.0,9,12,76,активна
2017-09-12 15:00:00,2017.0,2017.0,9.0,9,12.0,12,1527.5,1555,58008.0,58008,55650.0,57300,2415.0,2760.0,289.75,320.0,164.25,169.0,37.4,39.0,12.024999999999999,12.6,1.820833333333333,1.92,76975.0,81100,8009.166666666667,8550.0,15.0,15.0,17.0,9,12,15,457.0,2.0,2017.0,9,12,76,активна
2017-09-12 16:00:00,2017.0,2017.0,9.0,9,12.0,12,1627.5,1655,58008.0,58008,59250.0,60900,2200.8333333333335,2410.0,268.5833333333333,284.0,160.75,163.0,34.98333333333333,36.3,11.274999999999999,11.6,1.7433333333333332,1.82,83133.33333333333,91700,9172.5,10500.0,16.0,16.0,17.0,9,12,16,462.0,2.7,2017.0,9,12,76,активна
2017-09-12 17:00:00,2017.0,2017.0,9.0,9,12.0,12,1727.5,1755,58008.0,58008,62850.0,64500,2636.6666666666665,2810.0,300.25,328.0,166.75,177.0,34.68333333333334,35.6,11.149999999999999,11.6,1.7566666666666666,1.88,101416.66666666667,105000,12633.333333333334,13400.0,17.0,17.0,17.0,9,12,17,478.0,2.5,2017.0,9,12,76,активна
2017-09-12 18:00:00,2017.0,2017.0,9.0,9,12.0,12,1827.5,1855,58008.0,58008,66450.0,68100,2810.8333333333335,2960.0,277.0,320.0,156.16666666666666,171.0,33.26666666666667,34.6,10.515833333333333,11.1,1.5858333333333332,1.72,97141.66666666667,102000,11900.0,12700.0,18.0,18.0,17.0,9,12,18,463.0,3.9,2017.0,9,12,76,активна
2017-09-12 19:00:00,2017.0,2017.0,9.0,9,12.0,12,1927.5,1955,58008.0,58008,70050.0,71700,3374.1666666666665,4350.0,234.08333333333334,252.0,140.75,149.0,30.08333333333333,31.5,9.704166666666666,10.1,1.5774999999999997,1.73,109283.33333333333,115000,15150.0,16900.0,19.0,19.0,17.0,9,12,19,493.0,8.9,2017.0,9,12,76,активна
2017-09-12 20:00:00,2017.0,2017.0,9.0,9,12.0,12,2027.5,2055,58008.0,58008,73650.0,75300,3862.5,4910.0,304.8333333333333,343.0,155.5,171.0,32.29166666666667,37.2,10.043333333333335,11.7,1.4261666666666668,1.59,92991.66666666667,115000,12282.5,17100.0,20.0,20.0,17.0,9,12,20,585.0,14.0,2017.0,9,12,76,активна
2017-09-12 21:00:00,2017.0,2017.0,9.0,9,12.0,12,2127.5,2155,58008.0,58008,77250.0,78900,3404.1666666666665,4330.0,193.91666666666666,268.0,96.84999999999998,131.0,20.491666666666664,27.9,6.352500000000002,9.01,0.8758333333333334,1.39,83750.0,103000,9969.166666666666,14800.0,21.0,21.0,17.0,9,12,21,614.0,12.0,2017.0,9,12,76,активна
2017-09-12 22:00:00,2017.0,2017.0,9.0,9,12.0,12,2227.5,2255,58008.0,58008,80850.0,82500,3480.8333333333335,4300.0,159.0,171.0,80.59999999999998,87.9,17.433333333333337,18.8,5.396666666666667,5.9,0.6968333333333333,0.763,82566.66666666667,97800,8747.5,10700.0,22.0,22.0,17.0,9,12,22,608.0,12.6,2017.0,9,12,76,активна
2017-09-12 23:00:00,2017.0,2017.0,9.0,9,12.0,12,2327.5,2355,58008.0,58008,84450.0,86100,2291.6666666666665,3600.0,159.58333333333334,166.0,79.95833333333333,83.0,16.558333333333334,17.6,5.055833333333333,5.47,0.6500833333333333,0.73,42218.333333333336,73800,3249.25,7470.0,23.0,23.0,17.0,9,12,23,620.0,9.3,2017.0,9,12,76,активна
2017-09-13 00:00:00,2017.0,2017.0,9.0,9,13.0,13,27.5,55,58009.0,58009,1650.0,3300,1000.5,1260.0,145.41666666666666,154.0,70.3,75.5,14.433333333333335,15.9,4.480833333333334,4.89,0.6145,0.689,5176.666666666667,7850,275.75,379.0,0.0,0.0,17.0,9,13,0,614.0,7.2,2017.0,9,13,75,активна
2017-09-13 01:00:00,2017.0,2017.0,9.0,9,13.0,13,127.5,155,58009.0,58009,5250.0,6900,857.6666666666666,1040.0,160.0,168.0,79.075,83.5,16.333333333333332,17.3,4.895,5.17,0.5917500000000001,0.663,4305.833333333333,5620,291.5833333333333,354.0,1.0,1.0,17.0,9,13,1,581.0,5.7,2017.0,9,13,75,активна
2017-09-13 02:00:00,2017.0,2017.0,9.0,9,13.0,13,227.5,255,58009.0,58009,8850.0,10500,561.8333333333334,651.0,152.41666666666666,155.0,74.77499999999999,76.5,15.733333333333334,16.1,4.829166666666667,5.06,0.6037499999999999,0.667,1566.75,2620,166.33333333333334,213.0,2.0,2.0,17.0,9,13,2,569.0,5.0,2017.0,9,13,75,активна
2017-09-13 03:00:00,2017.0,2017.0,9.0,9,13.0,13,327.5,355,58009.0,58009,12450.0,14100,521.0,547.0,156.08333333333334,169.0,75.74166666666666,81.7,15.708333333333334,16.4,4.745,5.03,0.5575833333333334,0.628,859.1666666666666,1110,153.75,168.0,3.0,3.0,17.0,9,13,3,563.0,4.5,2017.0,9,13,75,активна
2017-09-13 04:00:00,2017.0,2017.0,9.0,9,13.0,13,427.5,455,58009.0,58009,16050.0,17700,601.5,626.0,163.83333333333334,174.0,75.38333333333334,80.2,14.774999999999999,15.3,4.4558333333333335,4.73,0.5575833333333334,0.641,1247.0833333333333,2290,174.08333333333334,209.0,4.0,4.0,17.0,9,13,4,555.0,4.3,2017.0,9,13,75,активна
2017-09-13 05:00:00,2017.0,2017.0,9.0,9,13.0,13,527.5,555,58009.0,58009,19650.0,21300,625.4166666666666,654.0,173.91666666666666,182.0,78.85000000000001,83.8,14.633333333333333,15.4,4.280000000000001,4.58,0.50775,0.608,2180.0,2590,208.08333333333334,238.0,5.0,5.0,17.0,9,13,5,547.0,3.5,2017.0,9,13,75,активна
2017-09-13 06:00:00,2017.0,2017.0,9.0,9,13.0,13,627.5,655,58009.0,58009,23250.0,24900,612.9166666666666,671.0,172.58333333333334,178.0,79.14166666666667,81.0,14.733333333333334,15.5,4.24,4.58,0.48841666666666667,0.609,2146.6666666666665,2680,176.0,196.0,6.0,6.0,17.0,9,13,6,546.0,2.8,2017.0,9,13,75,активна
2017-09-13 07:00:00,2017.0,2017.0,9.0,9,13.0,13,727.5,755,58009.0,58009,26850.0,28500,619.0,666.0,174.0,182.0,80.55,83.1,14.941666666666665,15.7,4.247500000000001,4.74,0.47508333333333336,0.608,1698.0,2420,152.0,184.0,7.0,7.0,17.0,9,13,7,537.0,2.4,2017.0,9,13,75,активна
2017-09-13 08:00:00,2017.0,2017.0,9.0,9,13.0,13,827.5,855,58009.0,58009,30450.0,32100,695.0,845.0,173.66666666666666,178.0,80.77499999999999,83.1,14.908333333333333,15.5,4.200833333333333,4.57,0.47041666666666665,0.571,4047.5,6890,220.58333333333334,259.0,8.0,8.0,17.0,9,13,8,535.0,2.1,2017.0,9,13,75,активна
2017-09-13 09:00:00,2017.0,2017.0,9.0,9,13.0,13,927.5,955,58009.0,58009,34050.0,35700,630.5833333333334,692.0,175.25,180.0,82.84166666666667,86.8,14.70833333333333,15.3,4.0425,4.31,0.44016666666666665,0.541,5097.5,6170,213.0,266.0,9.0,9.0,17.0,9,13,9,505.0,2.5,2017.0,9,13,75,активна
2017-09-13 10:00:00,2017.0,2017.0,9.0,9,13.0,13,1027.5,1055,58009.0,58009,37650.0,39300,589.0,615.0,170.33333333333334,177.0,80.17500000000001,83.7,14.524999999999999,15.1,4.055833333333333,4.28,0.44833333333333325,0.593,5280.833333333333,6240,214.58333333333334,237.0,10.0,10.0,17.0,9,13,10,482.0,2.4,2017.0,9,13,75,активна
2017-09-13 11:00:00,2017.0,2017.0,9.0,9,13.0,13,1127.5,1155,58009.0,58009,41250.0,42900,572.3333333333334,614.0,169.58333333333334,175.0,82.03333333333333,84.2,15.116666666666667,15.6,4.219166666666667,4.42,0.46216666666666667,0.54,7330.833333333333,8620,248.16666666666666,290.0,11.0,11.0,17.0,9,13,11,464.0,2.8,2017.0,9,13,75,активна
2017-09-13 12:00:00,2017.0,2017.0,9.0,9,13.0,13,1227.5,1255,58009.0,58009,44850.0,46500,549.3333333333334,581.0,166.66666666666666,174.0,82.47500000000001,86.2,15.174999999999999,15.6,4.2175,4.4,0.45999999999999996,0.515,10480.0,12200,297.25,321.0,12.0,12.0,17.0,9,13,12,453.0,2.7,2017.0,9,13,75,активна
2017-09-13 13:00:00,2017.0,2017.0,9.0,9,13.0,13,1327.5,1355,58009.0,58009,48450.0,50100,542.1666666666666,607.0,170.66666666666666,182.0,85.925,89.0,15.066666666666668,15.4,4.049166666666666,4.2,0.42199999999999993,0.513,13716.666666666666,15000,356.3333333333333,386.0,13.0,13.0,17.0,9,13,13,443.0,2.0,2017.0,9,13,75,активна
2017-09-13 14:00:00,2017.0,2017.0,9.0,9,13.0,13,1427.5,1455,58009.0,58009,52050.0,53700,512.3333333333334,564.0,159.25,175.0,83.37500000000001,89.3,14.624999999999995,15.3,3.921666666666667,4.21,0.39233333333333326,0.473,17291.666666666668,18900,404.4166666666667,443.0,14.0,14.0,17.0,9,13,14,440.0,1.7,2017.0,9,13,75,активна
2017-09-13 15:00:00,2017.0,2017.0,9.0,9,13.0,13,1527.5,1555,58009.0,58009,55650.0,57300,403.8333333333333,457.0,126.41666666666667,137.0,75.05000000000001,77.1,13.674999999999999,14.2,3.670833333333333,3.95,0.38025000000000003,0.476,21008.333333333332,22000,462.0833333333333,487.0,15.0,15.0,17.0,9,13,15,433.0,1.6,2017.0,9,13,75,активна
2017-09-13 16:00:00,2017.0,2017.0,9.0,9,13.0,13,1627.5,1655,58009.0,58009,59250.0,60900,399.0833333333333,439.0,117.08333333333333,125.0,70.48333333333333,73.8,13.049999999999997,13.8,3.5933333333333333,3.84,0.4048333333333334,0.462,23741.666666666668,25900,522.0,546.0,16.0,16.0,17.0,9,13,16,441.0,1.1,2017.0,9,13,75,активна
2017-09-13 17:00:00,2017.0,2017.0,9.0,9,13.0,13,1727.5,1755,58009.0,58009,62850.0,64500,410.0833333333333,434.0,88.74166666666666,97.2,59.099999999999994,64.3,12.375000000000002,12.9,3.3858333333333337,3.61,0.33125000000000004,0.403,28775.0,31600,590.5833333333334,647.0,17.0,17.0,17.0,9,13,17,437.0,0.9,2017.0,9,13,75,активна
2017-09-13 18:00:00,2017.0,2017.0,9.0,9,13.0,13,1827.5,1855,58009.0,58009,66450.0,68100,424.0833333333333,447.0,86.05833333333334,89.7,58.666666666666664,60.8,12.108333333333333,12.6,3.345,3.52,0.34708333333333335,0.428,32425.0,33400,674.9166666666666,717.0,18.0,18.0,17.0,9,13,18,428.0,0.8,2017.0,9,13,75,активна
2017-09-13 19:00:00,2017.0,2017.0,9.0,9,13.0,13,1927.5,1955,58009.0,58009,70050.0,71700,348.6666666666667,405.0,67.04166666666667,85.0,48.33333333333332,56.4,11.616666666666667,12.1,3.252500000000001,3.47,0.3055833333333334,0.393,31450.0,32500,593.5833333333334,644.0,19.0,19.0,17.0,9,13,19,423.0,0.7,2017.0,9,13,75,активна
2017-09-13 20:00:00,2017.0,2017.0,9.0,9,13.0,13,2027.5,2055,58009.0,58009,73650.0,75300,285.0,316.0,58.23333333333333,60.7,46.26666666666666,48.5,11.658333333333331,12.2,3.16,3.42,0.25233333333333335,0.34,30208.333333333332,31300,537.1666666666666,576.0,20.0,20.0,17.0,9,13,20,419.0,0.6,2017.0,9,13,75,активна
2017-09-13 21:00:00,2017.0,2017.0,9.0,9,13.0,13,2127.5,2155,58009.0,58009,77250.0,78900,258.25,275.0,56.475,58.7,45.375,47.6,10.899999999999999,11.6,2.8683333333333336,3.12,0.21633333333333335,0.299,28908.333333333332,29900,492.3333333333333,522.0,21.0,21.0,17.0,9,13,21,397.0,0.6,2017.0,9,13,75,активна
2017-09-13 22:00:00,2017.0,2017.0,9.0,9,13.0,13,2227.5,2255,58009.0,58009,80850.0,82500,250.91666666666666,269.0,54.55833333333333,58.2,43.40833333333333,46.8,10.084999999999999,11.4,2.6275,3.15,0.1925833333333333,0.252,27816.666666666668,28600,446.3333333333333,472.0,22.0,22.0,17.0,9,13,22,387.0,0.8,2017.0,9,13,75,активна
2017-09-13 23:00:00,2017.0,2017.0,9.0,9,13.0,13,2327.5,2355,58009.0,58009,84450.0,86100,256.3333333333333,271.0,51.24166666666667,56.3,40.358333333333334,45.1,9.755833333333333,10.2,2.5983333333333336,2.88,0.19900000000000004,0.263,27925.0,28600,428.5833333333333,472.0,23.0,23.0,17.0,9,13,23,378.0,0.9,2017.0,9,13,75,активна
2017-09-14 00:00:00,2017.0,2017.0,9.0,9,14.0,14,27.5,55,58010.0,58010,1650.0,3300,240.5,249.0,58.5,61.4,45.96666666666667,48.6,10.0425,10.3,2.5591666666666666,2.7,0.18941666666666668,0.219,25450.0,26000,365.5,399.0,0.0,0.0,17.0,9,14,0,390.0,1.4,2017.0,9,14,74,активна
2017-09-14 01:00:00,2017.0,2017.0,9.0,9,14.0,14,127.5,155,58010.0,58010,5250.0,6900,435.75,543.0,80.2,94.7,52.90833333333333,56.8,10.058333333333332,10.5,2.515,2.81,0.17925,0.239,29125.0,31300,376.25,439.0,1.0,1.0,17.0,9,14,1,404.0,2.4,2017.0,9,14,74,активна
2017-09-14 02:00:00,2017.0,2017.0,9.0,9,14.0,14,227.5,255,58010.0,58010,8850.0,10500,553.8333333333334,602.0,103.98333333333333,107.0,55.44166666666667,58.2,9.682500000000001,10.2,2.330833333333333,2.46,0.14920833333333336,0.199,27675.0,29000,340.75,369.0,2.0,2.0,17.0,9,14,2,366.0,5.3,2017.0,9,14,74,активна
2017-09-14 03:00:00,2017.0,2017.0,9.0,9,14.0,14,327.5,355,58010.0,58010,12450.0,14100,462.3333333333333,500.0,110.0,121.0,54.78333333333333,56.6,8.7975,9.76,2.1,2.34,0.1365333333333333,0.199,22550.0,24700,304.9166666666667,329.0,3.0,3.0,17.0,9,14,3,352.0,4.4,2017.0,9,14,74,активна
2017-09-14 04:00:00,2017.0,2017.0,9.0,9,14.0,14,427.5,455,58010.0,58010,16050.0,17700,431.0833333333333,465.0,123.83333333333333,131.0,54.85,56.5,8.524166666666668,9.07,2.0124999999999997,2.27,0.12135833333333333,0.158,17250.0,20100,263.9166666666667,291.0,4.0,4.0,17.0,9,14,4,350.0,4.6,2017.0,9,14,74,активна
2017-09-14 05:00:00,2017.0,2017.0,9.0,9,14.0,14,527.5,555,58010.0,58010,19650.0,21300,423.1666666666667,446.0,124.08333333333333,126.0,53.041666666666664,54.6,8.070833333333335,8.54,1.9408333333333332,2.28,0.13933333333333334,0.229,10996.666666666666,12900,197.33333333333334,211.0,5.0,5.0,17.0,9,14,5,350.0,3.0,2017.0,9,14,74,активна
2017-09-14 06:00:00,2017.0,2017.0,9.0,9,14.0,14,627.5,655,58010.0,58010,23250.0,24900,392.0833333333333,410.0,118.25,125.0,51.10833333333334,53.9,7.854166666666668,8.55,1.825833333333333,2.1,0.12311666666666665,0.168,10805.833333333334,12100,191.83333333333334,209.0,6.0,6.0,17.0,9,14,6,351.0,1.8,2017.0,9,14,74,активна
2017-09-14 07:00:00,2017.0,2017.0,9.0,9,14.0,14,727.5,755,58010.0,58010,26850.0,28500,382.8333333333333,398.0,112.25,119.0,49.75,51.9,7.615833333333335,8.18,1.8541666666666663,1.98,0.14596666666666666,0.182,9469.166666666666,9920,177.66666666666666,193.0,7.0,7.0,17.0,9,14,7,351.0,1.9,2017.0,9,14,74,активна
2017-09-14 08:00:00,2017.0,2017.0,9.0,9,14.0,14,827.5,855,58010.0,58010,30450.0,32100,369.6666666666667,388.0,108.66666666666667,115.0,48.78333333333333,50.7,7.556666666666665,7.84,1.7533333333333336,2.03,0.12238333333333333,0.204,9995.0,10800,186.91666666666666,205.0,8.0,8.0,17.0,9,14,8,353.0,4.1,2017.0,9,14,74,активна
2017-09-14 09:00:00,2017.0,2017.0,9.0,9,14.0,14,927.5,955,58010.0,58010,34050.0,35700,384.25,402.0,104.66666666666667,110.0,47.36666666666667,50.0,7.464166666666666,7.85,1.7758333333333332,1.98,0.1289583333333333,0.196,9605.833333333334,10500,184.25,196.0,9.0,9.0,17.0,9,14,9,355.0,4.1,2017.0,9,14,74,активна
2017-09-14 10:00:00,2017.0,2017.0,9.0,9,14.0,14,1027.5,1055,58010.0,58010,37650.0,39300,336.75,359.0,100.06666666666666,105.0,45.09166666666667,47.7,7.1675,7.76,1.6816666666666664,1.99,0.11465000000000002,0.17,9163.333333333334,9790,206.75,226.0,10.0,10.0,17.0,9,14,10,397.0,7.0,2017.0,9,14,74,активна
2017-09-14 11:00:00,2017.0,2017.0,9.0,9,14.0,14,1127.5,1155,58010.0,58010,41250.0,42900,366.4166666666667,430.0,93.93333333333334,101.0,42.24999999999999,45.5,6.709166666666666,7.12,1.5983333333333334,1.86,0.11645000000000001,0.17,7566.666666666667,10100,213.41666666666666,251.0,11.0,11.0,17.0,9,14,11,432.0,11.4,2017.0,9,14,74,активна
2017-09-14 12:00:00,2017.0,2017.0,9.0,9,14.0,14,1227.5,1255,58010.0,58010,44850.0,46500,319.1666666666667,353.0,83.33333333333333,90.7,38.03333333333334,40.9,6.045000000000001,6.75,1.4425000000000001,1.74,0.11067500000000001,0.194,8696.666666666666,10600,180.5,209.0,12.0,12.0,17.0,9,14,12,448.0,15.9,2017.0,9,14,74,активна
2017-09-14 13:00:00,2017.0,2017.0,9.0,9,14.0,14,1327.5,1355,58010.0,58010,48450.0,50100,254.5,284.0,69.725,72.6,32.449999999999996,34.3,5.357500000000001,5.71,1.3233333333333335,1.45,0.10719166666666667,0.152,8184.166666666667,11100,204.58333333333334,279.0,13.0,13.0,17.0,9,14,13,448.0,19.4,2017.0,9,14,74,активна
2017-09-14 14:00:00,2017.0,2017.0,9.0,9,14.0,14,1427.5,1455,58010.0,58010,52050.0,53700,229.08333333333334,248.0,61.508333333333326,67.9,28.491666666666664,31.6,4.82,5.61,1.2145833333333333,1.42,0.10639166666666666,0.145,5802.5,10000,187.53333333333333,326.0,14.0,14.0,17.0,9,14,14,457.0,9.8,2017.0,9,14,74,активна
2017-09-14 15:00:00,2017.0,2017.0,9.0,9,14.0,14,1527.5,1555,58010.0,58010,55650.0,57300,149.16666666666666,181.0,38.291666666666664,50.3,18.774999999999995,24.7,3.543333333333333,4.56,0.9323333333333333,1.35,0.08679166666666666,0.177,5270.0,8580,226.0,376.0,15.0,15.0,17.0,9,14,15,469.0,6.2,2017.0,9,14,74,активна
2017-09-14 16:00:00,2017.0,2017.0,9.0,9,14.0,14,1627.5,1655,58010.0,58010,59250.0,60900,216.58333333333334,296.0,25.850000000000005,30.8,13.283333333333333,15.3,2.5958333333333328,3.57,0.7472499999999999,1.09,0.09464166666666668,0.12,11761.666666666666,24300,307.4166666666667,625.0,16.0,16.0,17.0,9,14,16,484.0,7.2,2017.0,9,14,74,активна
2017-09-14 17:00:00,2017.0,2017.0,9.0,9,14.0,14,1727.5,1755,58010.0,58010,62850.0,64500,236.33333333333334,351.0,16.941666666666666,21.2,9.0875,10.8,1.9608333333333337,2.47,0.6073333333333333,0.812,0.09005,0.116,28325.0,37500,648.4166666666666,835.0,17.0,17.0,17.0,9,14,17,506.0,7.5,2017.0,9,14,74,активна
2017-09-14 18:00:00,2017.0,2017.0,9.0,9,14.0,14,1827.5,1855,58010.0,58010,66450.0,68100,177.41666666666666,239.0,14.699999999999998,16.0,8.2375,8.88,1.7816666666666665,2.07,0.5491666666666666,0.749,0.08154166666666667,0.136,35725.0,38100,863.75,1080.0,18.0,18.0,17.0,9,14,18,538.0,5.9,2017.0,9,14,74,активна
2017-09-14 19:00:00,2017.0,2017.0,9.0,9,14.0,14,1927.5,1955,58010.0,58010,70050.0,71700,150.0909090909091,190.0,11.377272727272727,14.9,6.419090909090908,8.37,1.5454545454545454,1.8,0.5052727272727272,0.635,0.08535454545454546,0.134,34027.27272727273,37300,852.2727272727273,983.0,19.0,19.0,17.0,9,14,19,593.0,3.5,2017.0,9,14,74,активна
2017-09-14 20:00:00,2017.0,2017.0,9.0,9,14.0,14,2027.5,2055,58010.0,58010,73650.0,75300,177.66666666666666,273.0,10.819166666666668,12.2,6.025000000000001,6.65,1.3058333333333334,1.7,0.37891666666666673,0.609,0.04499166666666665,0.112,28666.666666666668,33000,708.5833333333334,825.0,20.0,20.0,17.0,9,14,20,604.0,3.6,2017.0,9,14,74,активна
2017-09-14 21:00:00,2017.0,2017.0,9.0,9,14.0,14,2127.5,2155,58010.0,58010,77250.0,78900,351.75,393.0,8.736666666666668,9.98,4.8975,5.82,1.0825833333333332,1.32,0.3071666666666667,0.372,0.0342,0.0576,30308.333333333332,36100,596.3333333333334,766.0,21.0,21.0,17.0,9,14,21,601.0,3.5,2017.0,9,14,74,тиха
2017-09-14 22:00:00,2017.0,2017.0,9.0,9,14.0,14,2227.5,2255,58010.0,58010,80850.0,82500,243.0,322.0,7.290833333333334,8.9,4.640833333333333,5.42,1.0835833333333336,1.27,0.31225,0.363,0.03155833333333334,0.0316,32783.333333333336,36300,632.0,758.0,22.0,22.0,17.0,9,14,22,611.0,3.5,2017.0,9,14,74,тиха
2017-09-14 23:00:00,2017.0,2017.0,9.0,9,14.0,14,2327.5,2355,58010.0,58010,84450.0,86100,172.0,210.0,7.4174999999999995,8.11,4.585833333333333,5.28,1.0196666666666667,1.25,0.29191666666666666,0.36,0.03156666666666667,0.0316,30491.666666666668,32400,517.6666666666666,588.0,23.0,23.0,17.0,9,14,23,646.0,3.0,2017.0,9,14,74,тиха
2017-09-15 00:00:00,2017.0,2017.0,9.0,9,15.0,15,27.5,55,58011.0,58011,1650.0,3300,130.0,236.0,7.664166666666667,8.99,4.365,4.83,1.0031666666666668,1.11,0.29425,0.336,0.031575000000000006,0.0316,27766.666666666668,41400,397.6666666666667,820.0,0.0,0.0,17.0,9,15,0,673.0,2.7,2017.0,9,15,73,тиха
2017-09-15 01:00:00,2017.0,2017.0,9.0,9,15.0,15,127.5,155,58011.0,58011,5250.0,6900,135.4416666666667,219.0,6.898333333333333,7.46,4.038333333333333,4.55,0.883,1.06,0.25875000000000004,0.312,0.031583333333333345,0.0316,34491.666666666664,43700,630.5,866.0,1.0,1.0,17.0,9,15,1,642.0,3.1,2017.0,9,15,73,тиха
2017-09-15 02:00:00,2017.0,2017.0,9.0,9,15.0,15,227.5,255,58011.0,58011,8850.0,10500,66.50833333333333,83.7,7.1375,8.62,3.9791666666666665,4.63,0.8669166666666669,1.04,0.2535833333333333,0.314,0.031583333333333345,0.0316,28317.5,48100,416.10833333333335,875.0,2.0,2.0,17.0,9,15,2,654.0,2.8,2017.0,9,15,73,тиха
2017-09-15 03:00:00,2017.0,2017.0,9.0,9,15.0,15,327.5,355,58011.0,58011,12450.0,14100,33.708333333333336,39.7,6.849166666666668,7.83,3.8141666666666665,4.55,0.8245833333333334,0.956,0.24633333333333332,0.291,0.03160000000000001,0.0316,26366.666666666668,32300,299.5833333333333,425.0,3.0,3.0,17.0,9,15,3,693.0,2.8,2017.0,9,15,73,тиха
2017-09-15 04:00:00,2017.0,2017.0,9.0,9,15.0,15,427.5,455,58011.0,58011,16050.0,17700,29.016666666666666,39.6,6.658333333333331,7.69,3.6008333333333336,4.24,0.7745000000000001,0.951,0.2346666666666667,0.288,0.03159166666666668,0.0316,24083.333333333332,40700,254.58333333333334,518.0,4.0,4.0,17.0,9,15,4,711.0,2.4,2017.0,9,15,73,тиха
2017-09-15 05:00:00,2017.0,2017.0,9.0,9,15.0,15,527.5,555,58011.0,58011,19650.0,21300,52.541666666666664,78.9,6.208333333333333,7.47,3.5175,4.13,0.8698333333333333,0.998,0.2708333333333333,0.313,0.031583333333333345,0.0316,40158.333333333336,55300,659.75,1070.0,5.0,5.0,17.0,9,15,5,678.0,2.3,2017.0,9,15,73,тиха
2017-09-15 06:00:00,2017.0,2017.0,9.0,9,15.0,15,627.5,655,58011.0,58011,23250.0,24900,25.374999999999996,30.0,6.469166666666666,7.37,3.619166666666666,4.23,0.7952500000000001,0.988,0.24500000000000002,0.31,0.03472500000000001,0.0693,24825.0,30100,286.75,318.0,6.0,6.0,17.0,9,15,6,694.0,2.4,2017.0,9,15,73,тиха
2017-09-15 07:00:00,2017.0,2017.0,9.0,9,15.0,15,727.5,755,58011.0,58011,26850.0,28500,370.7166666666667,1360.0,5.905,7.05,3.3075000000000006,4.13,0.7836666666666666,0.915,0.23866666666666667,0.293,0.03160000000000001,0.0316,70108.33333333333,126000,2753.25,7210.0,7.0,7.0,17.0,9,15,7,676.0,1.9,2017.0,9,15,73,тиха
2017-09-15 08:00:00,2017.0,2017.0,9.0,9,15.0,15,827.5,855,58011.0,58011,30450.0,32100,128.25833333333335,501.0,5.415833333333334,6.27,3.124166666666667,3.72,0.7812500000000001,0.911,0.24300000000000002,0.284,0.03159166666666668,0.0316,86450.0,110000,3730.8333333333335,5620.0,8.0,8.0,17.0,9,15,8,636.0,2.1,2017.0,9,15,73,тиха
2017-09-15 09:00:00,2017.0,2017.0,9.0,9,15.0,15,927.5,955,58011.0,58011,34050.0,35700,262.96666666666664,1560.0,6.150000000000001,7.08,3.395833333333334,3.74,0.7252499999999998,0.885,0.22541666666666668,0.281,0.03556666666666668,0.0615,43941.666666666664,57300,1134.4166666666667,1840.0,9.0,9.0,17.0,9,15,9,614.0,3.3,2017.0,9,15,73,тиха
2017-09-15 10:00:00,2017.0,2017.0,9.0,9,15.0,15,1027.5,1055,58011.0,58011,37650.0,39300,113.58333333333333,471.0,5.371666666666666,6.76,3.014166666666666,3.7,0.7715833333333334,0.914,0.24550000000000002,0.308,0.034983333333333345,0.0724,69808.33333333333,75800,2580.0,2980.0,10.0,10.0,17.0,9,15,10,597.0,3.1,2017.0,9,15,73,тиха
2017-09-15 11:00:00,2017.0,2017.0,9.0,9,15.0,15,1127.5,1155,58011.0,58011,41250.0,42900,37.675000000000004,75.9,5.090833333333332,6.01,2.946666666666667,3.26,0.6940000000000001,0.79,0.22074999999999997,0.26,0.031583333333333345,0.0316,66850.0,75800,2563.3333333333335,2740.0,11.0,11.0,17.0,9,15,11,624.0,3.5,2017.0,9,15,73,тиха
2017-09-15 12:00:00,2017.0,2017.0,9.0,9,15.0,15,1227.5,1255,58011.0,58011,44850.0,46500,2641.9166666666665,6170.0,4.2,5.1,2.3108333333333335,2.82,0.5961666666666668,0.784,0.19758333333333333,0.265,0.03374166666666667,0.0577,87858.33333333333,140000,4901.666666666667,12900.0,12.0,12.0,17.0,9,15,12,616.0,4.0,2017.0,9,15,73,тиха
2017-09-15 13:00:00,2017.0,2017.0,9.0,9,15.0,15,1327.5,1355,58011.0,58011,48450.0,50100,830.8333333333334,2650.0,3.9158333333333335,5.2,2.35,3.13,0.6349166666666668,0.763,0.20866666666666667,0.259,0.031583333333333345,0.0316,153833.33333333334,167000,19633.333333333332,25700.0,13.0,13.0,17.0,9,15,13,597.0,4.5,2017.0,9,15,73,тиха
2017-09-15 14:00:00,2017.0,2017.0,9.0,9,15.0,15,1427.5,1455,58011.0,58011,52050.0,53700,147.95833333333334,216.0,3.904166666666667,4.58,2.2249999999999996,2.76,0.5649166666666666,0.736,0.1958333333333334,0.256,0.037708333333333344,0.0771,170416.66666666666,194000,25566.666666666668,35400.0,14.0,14.0,17.0,9,15,14,609.0,4.3,2017.0,9,15,73,тиха
2017-09-15 15:00:00,2017.0,2017.0,9.0,9,15.0,15,1527.5,1555,58011.0,58011,55650.0,57300,95.94166666666666,119.0,3.579166666666667,4.8,2.0679999999999996,3.0,0.5501666666666666,0.667,0.17933333333333332,0.221,0.03154166666666667,0.0316,169083.33333333334,175000,26816.666666666668,29100.0,15.0,15.0,17.0,9,15,15,709.0,2.7,2017.0,9,15,73,тиха
2017-09-15 16:00:00,2017.0,2017.0,9.0,9,15.0,15,1627.5,1655,58011.0,58011,59250.0,60900,103.60000000000001,130.0,3.2025,4.34,1.8439999999999996,2.42,0.5465,0.714,0.18775,0.244,0.03339166666666666,0.0537,165166.66666666666,177000,27716.666666666668,31400.0,16.0,16.0,17.0,9,15,16,703.0,2.2,2017.0,9,15,73,тиха
2017-09-15 17:00:00,2017.0,2017.0,9.0,9,15.0,15,1727.5,1755,58011.0,58011,62850.0,64500,89.01666666666667,109.0,2.720833333333333,3.65,1.7866666666666668,2.76,0.49791666666666673,0.626,0.17541666666666667,0.208,0.035125,0.0543,144583.33333333334,152000,23441.666666666668,25300.0,17.0,17.0,17.0,9,15,17,610.0,3.5,2017.0,9,15,73,тиха
2017-09-15 18:00:00,2017.0,2017.0,9.0,9,15.0,15,1827.5,1855,58011.0,58011,66450.0,68100,91.10000000000001,132.0,2.25,3.44,1.5752500000000003,2.44,0.5066666666666667,0.692,0.18291666666666664,0.244,0.03475,0.0618,161833.33333333334,198000,33041.666666666664,52500.0,18.0,18.0,17.0,9,15,18,665.0,2.8,2017.0,9,15,73,тиха
2017-09-15 19:00:00,2017.0,2017.0,9.0,9,15.0,15,1927.5,1955,58011.0,58011,70050.0,71700,192.0583333333333,323.0,2.3391666666666664,3.56,1.5261666666666667,2.5,0.5174166666666667,0.631,0.18608333333333335,0.214,0.036925000000000006,0.0638,194666.66666666666,214000,47425.0,55700.0,19.0,19.0,17.0,9,15,19,659.0,3.0,2017.0,9,15,73,тиха
2017-09-15 20:00:00,2017.0,2017.0,9.0,9,15.0,15,2027.5,2055,58011.0,58011,73650.0,75300,133.6,239.0,1.6999166666666665,2.81,1.2444999999999997,1.99,0.4395,0.643,0.1725,0.239,0.040025,0.0631,193583.33333333334,214000,49058.333333333336,58800.0,20.0,20.0,17.0,9,15,20,662.0,2.5,2017.0,9,15,73,тиха
2017-09-15 21:00:00,2017.0,2017.0,9.0,9,15.0,15,2127.5,2155,58011.0,58011,77250.0,78900,195.91666666666666,367.0,1.8058333333333332,2.79,1.1144166666666668,1.71,0.3375000000000001,0.428,0.14950000000000002,0.234,0.04786666666666666,0.0898,195833.33333333334,211000,47350.0,60400.0,21.0,21.0,17.0,9,15,21,665.0,3.2,2017.0,9,15,73,тиха
2017-09-15 22:00:00,2017.0,2017.0,9.0,9,15.0,15,2227.5,2255,58011.0,58011,80850.0,82500,165.58333333333334,265.0,1.6264166666666666,2.36,1.2389999999999999,1.98,0.4515833333333333,0.542,0.17974999999999997,0.221,0.04769999999999999,0.0941,194750.0,204000,45166.666666666664,49800.0,22.0,22.0,17.0,9,15,22,685.0,2.6,2017.0,9,15,73,тиха
2017-09-15 23:00:00,2017.0,2017.0,9.0,9,15.0,15,2327.5,2355,58011.0,58011,84450.0,86100,124.77499999999999,184.0,2.0635,3.56,1.2814166666666666,1.95,0.4265833333333333,0.474,0.16025,0.236,0.036566666666666664,0.0835,176500.0,204000,32691.666666666668,48500.0,23.0,23.0,17.0,9,15,23,672.0,2.8,2017.0,9,15,73,тиха
2017-09-16 00:00:00,2017.0,2017.0,9.0,9,16.0,16,27.5,55,58012.0,58012,1650.0,3300,98.19166666666666,135.0,1.6749166666666664,2.44,1.0760833333333333,1.93,0.3635833333333333,0.502,0.14596666666666666,0.221,0.03875833333333333,0.0649,173333.33333333334,190000,32341.666666666668,39400.0,0.0,0.0,17.0,9,16,0,675.0,3.1,2017.0,9,16,72,тиха
2017-09-16 01:00:00,2017.0,2017.0,9.0,9,16.0,16,127.5,155,58012.0,58012,5250.0,6900,47.28333333333334,101.0,1.6893333333333336,3.12,1.0225000000000002,2.27,0.3818333333333333,0.47,0.17029166666666665,0.22,0.04998333333333333,0.0824,91358.33333333333,135000,9302.5,17700.0,1.0,1.0,17.0,9,16,1,653.0,3.1,2017.0,9,16,72,тиха
2017-09-16 02:00:00,2017.0,2017.0,9.0,9,16.0,16,227.5,255,58012.0,58012,8850.0,10500,39.058333333333344,82.7,1.9985833333333334,3.31,1.25,1.98,0.37599999999999995,0.482,0.16855,0.229,0.046791666666666676,0.0686,70716.66666666667,110000,5487.5,11400.0,2.0,2.0,17.0,9,16,2,630.0,3.2,2017.0,9,16,72,тиха
2017-09-16 03:00:00,2017.0,2017.0,9.0,9,16.0,16,327.5,355,58012.0,58012,12450.0,14100,35.325,72.4,1.3933333333333333,2.62,0.81875,1.37,0.3525833333333333,0.469,0.15275,0.213,0.04472500000000001,0.0629,76250.0,116000,6412.5,13000.0,3.0,3.0,17.0,9,16,3,624.0,4.1,2017.0,9,16,72,тиха
2017-09-16 04:00:00,2017.0,2017.0,9.0,9,16.0,16,427.5,455,58012.0,58012,16050.0,17700,29.625,79.9,1.8941666666666668,2.61,1.1712500000000001,2.0,0.3463333333333334,0.496,0.14664166666666667,0.218,0.034725,0.0609,52658.333333333336,79200,3212.5,5290.0,4.0,4.0,17.0,9,16,4,637.0,2.8,2017.0,9,16,72,тиха
2017-09-16 05:00:00,2017.0,2017.0,9.0,9,16.0,16,527.5,555,58012.0,58012,19650.0,21300,176.23333333333335,622.0,1.5331666666666666,2.44,0.9205,1.76,0.3930833333333334,0.55,0.17858333333333332,0.244,0.0478,0.0855,81641.66666666667,123000,7199.166666666667,13200.0,5.0,5.0,17.0,9,16,5,673.0,2.2,2017.0,9,16,72,тиха
2017-09-16 06:00:00,2017.0,2017.0,9.0,9,16.0,16,627.5,655,58012.0,58012,23250.0,24900,28.558333333333334,64.9,1.3171666666666664,2.1,0.8641666666666667,1.59,0.3265833333333334,0.486,0.15304166666666666,0.242,0.05030833333333334,0.107,33033.333333333336,43200,2114.1666666666665,3170.0,6.0,6.0,17.0,9,16,6,699.0,1.9,2017.0,9,16,72,тиха
2017-09-16 07:00:00,2017.0,2017.0,9.0,9,16.0,16,727.5,755,58012.0,58012,26850.0,28500,15.531666666666666,24.3,1.4930833333333335,2.42,0.9480833333333334,1.68,0.2950833333333333,0.431,0.12914166666666663,0.22,0.04318333333333333,0.0649,31800.0,36600,2090.0,2460.0,7.0,7.0,17.0,9,16,7,688.0,1.9,2017.0,9,16,72,тиха
2017-09-16 08:00:00,2017.0,2017.0,9.0,9,16.0,16,827.5,855,58012.0,58012,30450.0,32100,11.216666666666667,16.2,1.3902499999999998,2.15,0.8819166666666667,1.7,0.28491666666666665,0.521,0.12808333333333333,0.202,0.041475,0.088,31266.666666666668,35700,2144.1666666666665,2570.0,8.0,8.0,17.0,9,16,8,673.0,2.2,2017.0,9,16,72,тиха
2017-09-16 09:00:00,2017.0,2017.0,9.0,9,16.0,16,927.5,955,58012.0,58012,34050.0,35700,15.358333333333333,21.6,1.3650833333333334,2.17,0.85025,1.68,0.3369166666666667,0.456,0.15816666666666668,0.219,0.04521666666666666,0.0649,48625.0,53800,3487.5,4070.0,9.0,9.0,17.0,9,16,9,699.0,1.9,2017.0,9,16,72,тиха
2017-09-16 10:00:00,2017.0,2017.0,9.0,9,16.0,16,1027.5,1055,58012.0,58012,37650.0,39300,12.294999999999996,18.1,1.29475,1.99,0.8188333333333334,1.34,0.31,0.424,0.13934166666666667,0.195,0.040625,0.0787,56925.0,60000,3655.8333333333335,3810.0,10.0,10.0,17.0,9,16,10,613.0,3.0,2017.0,9,16,72,тиха
2017-09-16 11:00:00,2017.0,2017.0,9.0,9,16.0,16,1127.5,1155,58012.0,58012,41250.0,42900,9.380833333333333,11.8,1.1710833333333335,1.82,0.73225,1.16,0.28341666666666665,0.443,0.13293333333333332,0.213,0.04041666666666668,0.0703,64791.666666666664,67700,4339.166666666667,4660.0,11.0,11.0,17.0,9,16,11,599.0,3.1,2017.0,9,16,72,тиха
2017-09-16 12:00:00,2017.0,2017.0,9.0,9,16.0,16,1227.5,1255,58012.0,58012,44850.0,46500,530.0749999999999,1710.0,1.3622500000000002,2.1,0.7631666666666667,1.05,0.2635,0.388,0.13245833333333334,0.204,0.04470833333333333,0.0681,80600.0,113000,5686.666666666667,9290.0,12.0,12.0,17.0,9,16,12,688.0,1.8,2017.0,9,16,72,тиха
2017-09-16 13:00:00,2017.0,2017.0,9.0,9,16.0,16,1327.5,1355,58012.0,58012,48450.0,50100,209.89166666666665,606.0,1.085,2.0,0.6420833333333332,1.08,0.2515833333333333,0.368,0.12579166666666666,0.187,0.04618333333333333,0.0965,128583.33333333333,145000,12855.833333333334,16900.0,13.0,13.0,17.0,9,16,13,722.0,1.9,2017.0,9,16,72,тиха
2017-09-16 14:00:00,2017.0,2017.0,9.0,9,16.0,16,1427.5,1455,58012.0,58012,52050.0,53700,62.00833333333333,99.9,0.9310833333333332,1.51,0.5433333333333333,1.13,0.23916666666666667,0.419,0.12285,0.216,0.041775,0.0794,149916.66666666666,151000,19333.333333333332,21300.0,14.0,14.0,17.0,9,16,14,719.0,1.8,2017.0,9,16,72,тиха
2017-09-16 15:00:00,2017.0,2017.0,9.0,9,16.0,16,1527.5,1555,58012.0,58012,55650.0,57300,52.14166666666667,72.4,0.9123333333333332,1.38,0.6044166666666667,0.933,0.2678333333333333,0.382,0.13976666666666665,0.204,0.04227500000000001,0.0609,161166.66666666666,170000,24000.0,27100.0,15.0,15.0,17.0,9,16,15,730.0,1.8,2017.0,9,16,72,тиха
2017-09-16 16:00:00,2017.0,2017.0,9.0,9,16.0,16,1627.5,1655,58012.0,58012,59250.0,60900,68.725,87.3,0.9835833333333334,1.69,0.6190833333333333,1.05,0.22141666666666668,0.386,0.11434166666666666,0.202,0.047825000000000006,0.0862,165666.66666666666,176000,27225.0,30300.0,16.0,16.0,17.0,9,16,16,701.0,1.8,2017.0,9,16,72,тиха
2017-09-16 17:00:00,2017.0,2017.0,9.0,9,16.0,16,1727.5,1755,58012.0,58012,62850.0,64500,65.14166666666667,103.0,0.6384166666666665,0.915,0.38149999999999995,0.504,0.26683333333333337,0.402,0.13916666666666666,0.193,0.042350000000000006,0.0633,165833.33333333334,171000,31783.333333333332,33800.0,17.0,17.0,17.0,9,16,17,639.0,2.5,2017.0,9,16,72,тиха
2017-09-16 18:00:00,2017.0,2017.0,9.0,9,16.0,16,1827.5,1855,58012.0,58012,66450.0,68100,133.89166666666668,219.0,0.7645833333333331,1.6,0.5045833333333333,1.05,0.24425,0.411,0.13036666666666666,0.21,0.045358333333333334,0.0663,154083.33333333334,162000,29608.333333333332,32400.0,18.0,18.0,17.0,9,16,18,656.0,2.1,2017.0,9,16,72,тиха
2017-09-16 19:00:00,2017.0,2017.0,9.0,9,16.0,16,1927.5,1955,58012.0,58012,70050.0,71700,86.2,131.0,0.5689166666666667,1.03,0.4006666666666667,0.93,0.21166666666666664,0.367,0.10814999999999998,0.203,0.038125000000000006,0.0609,160583.33333333334,175000,32966.666666666664,39400.0,19.0,19.0,17.0,9,16,19,654.0,1.9,2017.0,9,16,72,тиха
2017-09-16 20:00:00,2017.0,2017.0,9.0,9,16.0,16,2027.5,2055,58012.0,58012,73650.0,75300,94.95833333333333,127.0,0.7173333333333334,1.24,0.4929166666666667,0.932,0.22774999999999998,0.364,0.12202500000000001,0.213,0.045616666666666666,0.0969,162333.33333333334,173000,34591.666666666664,38200.0,20.0,20.0,17.0,9,16,20,695.0,2.0,2017.0,9,16,72,тиха
2017-09-16 21:00:00,2017.0,2017.0,9.0,9,16.0,16,2127.5,2155,58012.0,58012,77250.0,78900,87.425,118.0,0.6448333333333333,1.77,0.3970833333333333,1.11,0.15491666666666667,0.19,0.0812,0.114,0.040999999999999995,0.0753,150416.66666666666,154000,27925.0,31100.0,21.0,21.0,17.0,9,16,21,731.0,2.0,2017.0,9,16,72,тиха
2017-09-16 22:00:00,2017.0,2017.0,9.0,9,16.0,16,2227.5,2255,58012.0,58012,80850.0,82500,66.47500000000001,89.2,0.5293333333333333,0.967,0.3956666666666666,0.731,0.14683333333333334,0.188,0.07630833333333333,0.107,0.037075,0.0678,156833.33333333334,165000,28366.666666666668,31600.0,22.0,22.0,17.0,9,16,22,695.0,1.8,2017.0,9,16,72,тиха
2017-09-16 23:00:00,2017.0,2017.0,9.0,9,16.0,16,2327.5,2355,58012.0,58012,84450.0,86100,64.425,89.2,0.6610833333333334,1.33,0.43199999999999994,0.862,0.14841666666666667,0.189,0.07651666666666666,0.104,0.037450000000000004,0.0654,155000.0,167000,25908.333333333332,32500.0,23.0,23.0,17.0,9,16,23,679.0,1.6,2017.0,9,16,72,тиха
2017-09-17 00:00:00,2017.0,2017.0,9.0,9,17.0,17,27.5,55,58013.0,58013,1650.0,3300,70.51666666666667,111.0,0.5935,1.32,0.34608333333333335,0.733,0.17783333333333337,0.34,0.10027499999999999,0.198,0.04164166666666667,0.0884,147583.33333333334,162000,18800.0,23500.0,0.0,0.0,17.0,9,17,0,676.0,1.2,2017.0,9,17,72,тиха
2017-09-17 01:00:00,2017.0,2017.0,9.0,9,17.0,17,127.5,155,58013.0,58013,5250.0,6900,61.324999999999996,80.8,0.47141666666666665,0.72,0.30883333333333335,0.608,0.14124999999999996,0.162,0.07125,0.0897,0.03179166666666667,0.0505,152833.33333333334,157000,21541.666666666668,22700.0,1.0,1.0,17.0,9,17,1,615.0,2.1,2017.0,9,17,72,тиха
2017-09-17 02:00:00,2017.0,2017.0,9.0,9,17.0,17,227.5,255,58013.0,58013,8850.0,10500,44.56666666666666,59.2,0.6270833333333333,0.912,0.3870833333333334,0.731,0.16375,0.337,0.08609166666666668,0.167,0.036000000000000004,0.0659,142583.33333333334,150000,17558.333333333332,20000.0,2.0,2.0,17.0,9,17,2,644.0,2.0,2017.0,9,17,72,тиха
2017-09-17 03:00:00,2017.0,2017.0,9.0,9,17.0,17,327.5,355,58013.0,58013,12450.0,14100,44.775000000000006,81.8,0.6621666666666667,1.14,0.4171666666666667,0.775,0.15383333333333332,0.262,0.07826666666666665,0.138,0.032183333333333335,0.0659,151666.66666666666,187000,19201.666666666668,30500.0,3.0,3.0,17.0,9,17,3,638.0,1.9,2017.0,9,17,72,тиха
2017-09-17 04:00:00,2017.0,2017.0,9.0,9,17.0,17,427.5,455,58013.0,58013,16050.0,17700,46.98333333333333,79.1,0.6115,1.12,0.40025000000000005,0.63,0.13815,0.202,0.0775,0.11,0.0361,0.0703,163583.33333333334,190000,22541.666666666668,32000.0,4.0,4.0,17.0,9,17,4,646.0,1.9,2017.0,9,17,72,тиха
2017-09-17 05:00:00,2017.0,2017.0,9.0,9,17.0,17,527.5,555,58013.0,58013,19650.0,21300,39.45833333333332,60.1,0.6367499999999999,1.42,0.37675,0.773,0.13208333333333333,0.144,0.07120833333333332,0.098,0.030408333333333332,0.0431,130500.0,146000,14116.666666666666,17900.0,5.0,5.0,17.0,9,17,5,616.0,2.3,2017.0,9,17,72,тиха
2017-09-17 06:00:00,2017.0,2017.0,9.0,9,17.0,17,627.5,655,58013.0,58013,23250.0,24900,26.066666666666666,41.8,0.7879166666666667,1.55,0.4523333333333333,0.914,0.14658333333333332,0.178,0.0772333333333333,0.114,0.037366666666666666,0.0703,104200.0,132000,9205.0,13200.0,6.0,6.0,17.0,9,17,6,643.0,1.9,2017.0,9,17,72,тиха
2017-09-17 07:00:00,2017.0,2017.0,9.0,9,17.0,17,727.5,755,58013.0,58013,26850.0,28500,31.175,50.7,0.6973333333333335,1.03,0.41291666666666665,0.644,0.13999999999999999,0.152,0.07040833333333332,0.0872,0.030350000000000002,0.048,97133.33333333333,111000,9010.833333333334,11300.0,7.0,7.0,17.0,9,17,7,626.0,2.3,2017.0,9,17,72,тиха
2017-09-17 08:00:00,2017.0,2017.0,9.0,9,17.0,17,827.5,855,58013.0,58013,30450.0,32100,15.659166666666666,23.1,0.6199166666666667,1.34,0.38825,0.969,0.15708333333333332,0.332,0.08555833333333333,0.204,0.038700000000000005,0.0729,86125.0,92600,6973.333333333333,8450.0,8.0,8.0,17.0,9,17,8,620.0,2.4,2017.0,9,17,72,тиха
2017-09-17 09:00:00,2017.0,2017.0,9.0,9,17.0,17,927.5,955,58013.0,58013,34050.0,35700,15.063333333333333,20.5,0.7768333333333333,1.17,0.44300000000000006,0.666,0.13316666666666666,0.15,0.06684166666666666,0.0669,0.0277,0.0277,75766.66666666667,87900,5785.0,6960.0,9.0,9.0,17.0,9,17,9,589.0,3.2,2017.0,9,17,72,тиха
2017-09-17 10:00:00,2017.0,2017.0,9.0,9,17.0,17,1027.5,1055,58013.0,58013,37650.0,39300,14.353333333333332,20.8,0.4819166666666666,0.897,0.2926666666666667,0.433,0.13658333333333333,0.151,0.07034166666666665,0.106,0.029083333333333333,0.0413,80508.33333333333,83700,6628.333333333333,7180.0,10.0,10.0,17.0,9,17,10,606.0,3.1,2017.0,9,17,72,тиха
2017-09-17 11:00:00,2017.0,2017.0,9.0,9,17.0,17,1127.5,1155,58013.0,58013,41250.0,42900,18.808333333333334,31.2,0.7224999999999998,1.19,0.42950000000000005,0.738,0.14116666666666666,0.169,0.07209999999999998,0.112,0.03275,0.0728,87633.33333333333,104000,7483.333333333333,9760.0,11.0,11.0,17.0,9,17,11,603.0,3.6,2017.0,9,17,72,тиха
2017-09-17 12:00:00,2017.0,2017.0,9.0,9,17.0,17,1227.5,1255,58013.0,58013,44850.0,46500,191.71666666666667,639.0,0.5235,1.06,0.28416666666666673,0.532,0.14783333333333334,0.183,0.07512499999999998,0.107,0.03354166666666667,0.0678,126583.33333333333,153000,13962.5,20700.0,12.0,12.0,17.0,9,17,12,602.0,3.8,2017.0,9,17,72,тиха
2017-09-17 13:00:00,2017.0,2017.0,9.0,9,17.0,17,1327.5,1355,58013.0,58013,48450.0,50100,40.991666666666674,112.0,0.6485000000000001,1.25,0.30425,0.593,0.1345833333333333,0.181,0.07753333333333334,0.122,0.03811666666666667,0.0827,142083.33333333334,152000,19100.0,23600.0,13.0,13.0,17.0,9,17,13,605.0,3.7,2017.0,9,17,72,тиха
2017-09-17 14:00:00,2017.0,2017.0,9.0,9,17.0,17,1427.5,1455,58013.0,58013,52050.0,53700,354.90000000000003,1340.0,0.76425,1.37,0.43025,0.741,0.13591666666666666,0.187,0.07104999999999999,0.105,0.03098333333333333,0.0542,123308.33333333333,144000,17416.666666666668,21100.0,14.0,14.0,17.0,9,17,14,598.0,3.8,2017.0,9,17,72,тиха
2017-09-17 15:00:00,2017.0,2017.0,9.0,9,17.0,17,1527.5,1555,58013.0,58013,55650.0,57300,318.0833333333333,601.0,0.53125,0.929,0.30550000000000005,0.662,0.13416666666666668,0.173,0.07354166666666666,0.117,0.03305,0.0778,147583.33333333334,183000,29658.333333333332,45700.0,15.0,15.0,17.0,9,17,15,583.0,4.6,2017.0,9,17,72,тиха
2017-09-17 16:00:00,2017.0,2017.0,9.0,9,17.0,17,1627.5,1655,58013.0,58013,59250.0,60900,79.11666666666666,108.0,0.7019166666666669,1.46,0.38699999999999996,0.918,0.13749999999999998,0.173,0.07096666666666666,0.105,0.03175,0.0654,177833.33333333334,186000,47425.0,51600.0,16.0,16.0,17.0,9,17,16,581.0,4.0,2017.0,9,17,72,тиха
2017-09-17 17:00:00,2017.0,2017.0,9.0,9,17.0,17,1727.5,1755,58013.0,58013,62850.0,64500,75.30833333333332,147.0,0.5824166666666667,1.2,0.3474166666666667,0.685,0.13740833333333335,0.17,0.07705833333333333,0.0972,0.036675000000000006,0.0579,169666.66666666666,180000,45350.0,49800.0,17.0,17.0,17.0,9,17,17,589.0,3.7,2017.0,9,17,72,тиха
2017-09-17 18:00:00,2017.0,2017.0,9.0,9,17.0,17,1827.5,1855,58013.0,58013,66450.0,68100,65.04166666666666,80.5,0.46399999999999997,0.864,0.2665,0.432,0.136,0.184,0.0727,0.097,0.031966666666666664,0.0579,157000.0,168000,37166.666666666664,43700.0,18.0,18.0,17.0,9,17,18,599.0,3.2,2017.0,9,17,72,тиха
2017-09-17 19:00:00,2017.0,2017.0,9.0,9,17.0,17,1927.5,1955,58013.0,58013,70050.0,71700,61.78333333333333,78.3,0.4606666666666667,0.661,0.26775,0.398,0.1292,0.185,0.073,0.114,0.03427500000000001,0.0753,158083.33333333334,165000,37841.666666666664,42100.0,19.0,19.0,17.0,9,17,19,587.0,2.9,2017.0,9,17,72,тиха
2017-09-17 20:00:00,2017.0,2017.0,9.0,9,17.0,17,2027.5,2055,58013.0,58013,73650.0,75300,46.45833333333334,73.4,0.43825,0.841,0.32283333333333336,0.59,0.13972500000000002,0.22,0.07758333333333332,0.123,0.03344166666666666,0.0412,147833.33333333334,158000,32425.0,37200.0,20.0,20.0,17.0,9,17,20,590.0,2.6,2017.0,9,17,72,тиха
2017-09-17 21:00:00,2017.0,2017.0,9.0,9,17.0,17,2127.5,2155,58013.0,58013,77250.0,78900,45.425000000000004,59.1,0.4472500000000001,1.08,0.3066666666666667,0.787,0.13591666666666666,0.304,0.07921666666666666,0.18,0.03266666666666666,0.0551,136500.0,142000,26116.666666666668,28700.0,21.0,21.0,17.0,9,17,21,592.0,3.5,2017.0,9,17,72,тиха
2017-09-17 22:00:00,2017.0,2017.0,9.0,9,17.0,17,2227.5,2255,58013.0,58013,80850.0,82500,37.93333333333333,59.9,0.35224999999999995,0.747,0.25399999999999995,0.492,0.12550000000000003,0.174,0.07068333333333333,0.117,0.03399166666666666,0.0818,127916.66666666667,136000,21966.666666666668,24700.0,22.0,22.0,17.0,9,17,22,589.0,3.9,2017.0,9,17,72,тиха
2017-09-17 23:00:00,2017.0,2017.0,9.0,9,17.0,17,2327.5,2355,58013.0,58013,84450.0,86100,34.63333333333333,52.7,0.36400000000000005,0.616,0.25458333333333333,0.576,0.12317499999999999,0.159,0.06939166666666667,0.105,0.029974999999999998,0.039,117166.66666666667,122000,17741.666666666668,19200.0,23.0,23.0,17.0,9,17,23,597.0,4.2,2017.0,9,17,72,тиха
2017-09-18 00:00:00,2017.0,2017.0,9.0,9,18.0,18,27.5,55,58014.0,58014,1650.0,3300,21.441666666666674,31.3,0.45333333333333337,0.849,0.37141666666666673,0.748,0.14904166666666666,0.278,0.08506666666666667,0.17,0.04126666666666667,0.0806,105666.66666666667,110000,14100.0,15500.0,0.0,0.0,17.0,9,18,0,627.0,3.5,2017.0,9,18,72,тиха
2017-09-18 01:00:00,2017.0,2017.0,9.0,9,18.0,18,127.5,155,58014.0,58014,5250.0,6900,20.842499999999998,31.2,0.5465833333333333,1.08,0.3274166666666667,0.703,0.12016666666666669,0.145,0.0647,0.0842,0.028783333333333327,0.0486,93841.66666666667,104000,10800.0,12600.0,1.0,1.0,17.0,9,18,1,638.0,3.2,2017.0,9,18,72,тиха
2017-09-18 02:00:00,2017.0,2017.0,9.0,9,18.0,18,227.5,255,58014.0,58014,8850.0,10500,11.715000000000002,19.2,0.6588333333333334,1.03,0.3940833333333334,0.562,0.14162499999999997,0.221,0.08615833333333334,0.136,0.04274166666666666,0.0762,50825.0,76800,4393.333333333333,7760.0,2.0,2.0,17.0,9,18,2,637.0,2.7,2017.0,9,18,72,тиха
2017-09-18 03:00:00,2017.0,2017.0,9.0,9,18.0,18,327.5,355,58014.0,58014,12450.0,14100,15.483333333333333,20.9,0.4925,1.16,0.26325000000000004,0.538,0.11689166666666667,0.149,0.07043333333333333,0.0965,0.034725,0.061,51033.333333333336,59800,4050.8333333333335,5130.0,3.0,3.0,17.0,9,18,3,604.0,3.0,2017.0,9,18,72,тиха
2017-09-18 04:00:00,2017.0,2017.0,9.0,9,18.0,18,427.5,455,58014.0,58014,16050.0,17700,12.234166666666667,19.1,0.5345,0.917,0.31691666666666657,0.521,0.11941666666666668,0.144,0.06903333333333332,0.0977,0.03038333333333333,0.0461,43750.0,49300,3174.1666666666665,4130.0,4.0,4.0,17.0,9,18,4,577.0,3.2,2017.0,9,18,72,тиха
2017-09-18 05:00:00,2017.0,2017.0,9.0,9,18.0,18,527.5,555,58014.0,58014,19650.0,21300,8.726666666666667,13.5,0.5255000000000001,0.978,0.2854166666666667,0.525,0.13023333333333334,0.253,0.07894999999999999,0.194,0.03415833333333333,0.0672,43550.0,56600,2997.5,4340.0,5.0,5.0,17.0,9,18,5,585.0,3.7,2017.0,9,18,72,тиха
2017-09-18 06:00:00,2017.0,2017.0,9.0,9,18.0,18,627.5,655,58014.0,58014,23250.0,24900,13.857500000000002,19.9,0.7163333333333334,1.27,0.3685833333333333,0.751,0.14675000000000002,0.296,0.086575,0.173,0.03933333333333333,0.0562,69916.66666666667,104000,6249.166666666667,11200.0,6.0,6.0,17.0,9,18,6,586.0,4.1,2017.0,9,18,72,тиха
2017-09-18 07:00:00,2017.0,2017.0,9.0,9,18.0,18,727.5,755,58014.0,58014,26850.0,28500,13.229166666666664,21.9,0.6919166666666667,1.15,0.39691666666666664,0.645,0.16262500000000002,0.3,0.09605833333333334,0.187,0.04163333333333333,0.0733,67150.0,91600,6258.333333333333,10600.0,7.0,7.0,17.0,9,18,7,579.0,3.9,2017.0,9,18,72,тиха
2017-09-18 08:00:00,2017.0,2017.0,9.0,9,18.0,18,827.5,855,58014.0,58014,30450.0,32100,72.51583333333333,336.0,0.5490833333333333,0.787,0.3145833333333334,0.457,0.12663333333333335,0.166,0.075075,0.0976,0.033791666666666664,0.0535,34691.666666666664,40500,3006.6666666666665,4870.0,8.0,8.0,17.0,9,18,8,609.0,2.8,2017.0,9,18,72,тиха
2017-09-18 09:00:00,2017.0,2017.0,9.0,9,18.0,18,927.5,955,58014.0,58014,34050.0,35700,53.60833333333334,173.0,0.6223333333333333,1.15,0.30875,0.53,0.12791666666666665,0.18,0.07185,0.0982,0.034708333333333334,0.0535,36508.333333333336,42500,2733.3333333333335,3200.0,9.0,9.0,17.0,9,18,9,603.0,2.9,2017.0,9,18,72,тиха
2017-09-18 10:00:00,2017.0,2017.0,9.0,9,18.0,18,1027.5,1055,58014.0,58014,37650.0,39300,348.5416666666667,1070.0,0.5297499999999999,1.01,0.2794166666666667,0.626,0.12400000000000004,0.152,0.0743,0.105,0.035958333333333335,0.0733,83650.0,112000,9708.333333333334,14700.0,10.0,10.0,17.0,9,18,10,668.0,1.5,2017.0,9,18,72,тиха
2017-09-18 11:00:00,2017.0,2017.0,9.0,9,18.0,18,1127.5,1155,58014.0,58014,41250.0,42900,33.28333333333333,40.5,0.6080000000000001,0.827,0.3225,0.456,0.1595,0.36,0.09144999999999999,0.228,0.040658333333333324,0.0672,96558.33333333333,105000,11883.333333333334,13600.0,11.0,11.0,17.0,9,18,11,644.0,1.7,2017.0,9,18,72,тиха
2017-09-18 12:00:00,2017.0,2017.0,9.0,9,18.0,18,1227.5,1255,58014.0,58014,44850.0,46500,27.89166666666667,50.2,0.6255,1.03,0.32741666666666663,0.827,0.15657500000000005,0.331,0.08949166666666668,0.19,0.03593333333333333,0.0571,93225.0,103000,11480.0,13500.0,12.0,12.0,17.0,9,18,12,578.0,2.1,2017.0,9,18,72,тиха
2017-09-18 13:00:00,2017.0,2017.0,9.0,9,18.0,18,1327.5,1355,58014.0,58014,48450.0,50100,116.8,397.0,0.5950833333333333,1.09,0.2888333333333333,0.458,0.15207500000000002,0.241,0.08456666666666666,0.139,0.03329999999999999,0.0561,88758.33333333333,110000,10260.833333333334,14600.0,13.0,13.0,17.0,9,18,13,565.0,1.9,2017.0,9,18,72,тиха
2017-09-18 14:00:00,2017.0,2017.0,9.0,9,18.0,18,1427.5,1455,58014.0,58014,52050.0,53700,30.291666666666668,46.0,0.5469166666666667,0.944,0.27975,0.417,0.13166666666666668,0.206,0.07624999999999998,0.122,0.03411666666666666,0.0634,124750.0,137000,19225.0,23300.0,14.0,14.0,17.0,9,18,14,558.0,1.9,2017.0,9,18,72,тиха
2017-09-18 15:00:00,2017.0,2017.0,9.0,9,18.0,18,1527.5,1555,58014.0,58014,55650.0,57300,75.05833333333335,169.0,0.6964166666666666,1.04,0.40791666666666654,0.622,0.15244166666666667,0.281,0.09330833333333333,0.179,0.0443,0.0634,147000.0,174000,25725.0,36800.0,15.0,15.0,17.0,9,18,15,559.0,2.7,2017.0,9,18,72,тиха
2017-09-18 16:00:00,2017.0,2017.0,9.0,9,18.0,18,1627.5,1655,58014.0,58014,59250.0,60900,63.86666666666667,83.8,0.5908333333333332,1.67,0.3584166666666666,1.05,0.14244166666666666,0.186,0.08171666666666666,0.119,0.04331666666666666,0.0833,172416.66666666666,188000,41300.0,52000.0,16.0,16.0,17.0,9,18,16,557.0,2.8,2017.0,9,18,72,тиха
2017-09-18 17:00:00,2017.0,2017.0,9.0,9,18.0,18,1727.5,1755,58014.0,58014,62850.0,64500,73.8,105.0,0.4396666666666667,0.89,0.25466666666666676,0.434,0.14683333333333332,0.193,0.08636666666666665,0.129,0.044658333333333335,0.0987,196166.66666666666,207000,58491.666666666664,64700.0,17.0,17.0,17.0,9,18,17,552.0,2.3,2017.0,9,18,72,тиха
2017-09-18 18:00:00,2017.0,2017.0,9.0,9,18.0,18,1827.5,1855,58014.0,58014,66450.0,68100,64.75833333333333,108.0,0.47433333333333333,1.0,0.30391666666666667,0.481,0.12429166666666669,0.161,0.07768333333333333,0.106,0.04069999999999999,0.0709,195833.33333333334,205000,58816.666666666664,63800.0,18.0,18.0,17.0,9,18,18,552.0,2.2,2017.0,9,18,72,тиха
2017-09-18 19:00:00,2017.0,2017.0,9.0,9,18.0,18,1927.5,1955,58014.0,58014,70050.0,71700,65.04166666666667,93.7,0.35800000000000004,0.595,0.23425000000000004,0.354,0.12408333333333332,0.168,0.06740833333333333,0.107,0.030683333333333326,0.0659,187666.66666666666,194000,49991.666666666664,54500.0,19.0,19.0,17.0,9,18,19,554.0,1.7,2017.0,9,18,72,тиха
2017-09-18 20:00:00,2017.0,2017.0,9.0,9,18.0,18,2027.5,2055,58014.0,58014,73650.0,75300,58.93333333333334,87.0,0.28891666666666665,0.433,0.2104166666666666,0.377,0.11594166666666668,0.153,0.07266666666666667,0.0988,0.033591666666666666,0.0684,195250.0,197000,55991.666666666664,61300.0,20.0,20.0,17.0,9,18,20,549.0,1.4,2017.0,9,18,72,тиха
2017-09-18 21:00:00,2017.0,2017.0,9.0,9,18.0,18,2127.5,2155,58014.0,58014,77250.0,78900,65.83333333333333,93.8,0.39575000000000005,0.852,0.25558333333333333,0.58,0.13,0.253,0.07726666666666666,0.139,0.03704166666666667,0.0628,198666.66666666666,205000,55266.666666666664,64600.0,21.0,21.0,17.0,9,18,21,543.0,1.3,2017.0,9,18,72,тиха
2017-09-18 22:00:00,2017.0,2017.0,9.0,9,18.0,18,2227.5,2255,58014.0,58014,80850.0,82500,61.20000000000001,87.8,0.32866666666666666,0.503,0.22991666666666669,0.342,0.12261666666666665,0.176,0.07236666666666668,0.105,0.031074999999999995,0.0515,210166.66666666666,218000,58325.0,62500.0,22.0,22.0,17.0,9,18,22,542.0,1.2,2017.0,9,18,72,тиха
2017-09-18 23:00:00,2017.0,2017.0,9.0,9,18.0,18,2327.5,2355,58014.0,58014,84450.0,86100,54.149999999999984,74.6,0.43483333333333335,0.856,0.2831666666666666,0.566,0.15315833333333334,0.316,0.08491666666666668,0.188,0.03505833333333334,0.0614,203166.66666666666,209000,54716.666666666664,60300.0,23.0,23.0,17.0,9,18,23,524.0,1.3,2017.0,9,18,72,тиха
2017-09-19 00:00:00,2017.0,2017.0,9.0,9,19.0,19,27.5,55,58015.0,58015,1650.0,3300,43.00833333333333,61.3,0.39199999999999996,0.716,0.24175000000000002,0.432,0.11003333333333336,0.161,0.06833333333333334,0.0905,0.03240833333333333,0.0614,197583.33333333334,201000,46625.0,49600.0,0.0,0.0,17.0,9,19,0,524.0,1.4,2017.0,9,19,71,тиха
2017-09-19 01:00:00,2017.0,2017.0,9.0,9,19.0,19,127.5,155,58015.0,58015,5250.0,6900,37.53333333333333,55.7,0.3795,0.492,0.24341666666666664,0.409,0.13389166666666666,0.278,0.08305833333333333,0.162,0.03991666666666666,0.0763,199166.66666666666,206000,44975.0,46200.0,1.0,1.0,17.0,9,19,1,542.0,1.3,2017.0,9,19,71,тиха
2017-09-19 02:00:00,2017.0,2017.0,9.0,9,19.0,19,227.5,255,58015.0,58015,8850.0,10500,31.125000000000004,42.8,0.49341666666666667,0.896,0.32508333333333334,0.535,0.12438333333333333,0.239,0.07556666666666667,0.131,0.03768333333333334,0.0688,191583.33333333334,197000,39016.666666666664,41400.0,2.0,2.0,17.0,9,19,2,536.0,1.4,2017.0,9,19,71,тиха
2017-09-19 03:00:00,2017.0,2017.0,9.0,9,19.0,19,327.5,355,58015.0,58015,12450.0,14100,35.13333333333333,50.5,0.43275,0.548,0.22475,0.359,0.11084166666666669,0.168,0.06346666666666669,0.0971,0.02710833333333333,0.0347,178000.0,186000,31008.333333333332,33900.0,3.0,3.0,17.0,9,19,3,518.0,1.6,2017.0,9,19,71,тиха
2017-09-19 04:00:00,2017.0,2017.0,9.0,9,19.0,19,427.5,455,58015.0,58015,16050.0,17700,28.350000000000005,41.8,0.5095000000000001,0.707,0.2551666666666667,0.377,0.12193333333333332,0.152,0.07145,0.103,0.031116666666666667,0.054,157916.66666666666,167000,22325.0,25100.0,4.0,4.0,17.0,9,19,4,517.0,1.4,2017.0,9,19,71,тиха
2017-09-19 05:00:00,2017.0,2017.0,9.0,9,19.0,19,527.5,555,58015.0,58015,19650.0,21300,19.575,25.9,0.49433333333333335,0.767,0.26025000000000004,0.337,0.12014999999999999,0.173,0.07621666666666667,0.124,0.03355,0.0488,147250.0,152000,18766.666666666668,20100.0,5.0,5.0,17.0,9,19,5,508.0,1.8,2017.0,9,19,71,тиха
2017-09-19 06:00:00,2017.0,2017.0,9.0,9,19.0,19,627.5,655,58015.0,58015,23250.0,24900,15.783333333333337,23.0,0.4356666666666667,0.801,0.3006666666666667,0.491,0.14379166666666668,0.269,0.079975,0.155,0.03295833333333333,0.0564,144250.0,149000,18300.0,19300.0,6.0,6.0,17.0,9,19,6,491.0,1.9,2017.0,9,19,71,тиха
2017-09-19 07:00:00,2017.0,2017.0,9.0,9,19.0,19,727.5,755,58015.0,58015,26850.0,28500,14.875000000000002,24.5,0.3894166666666667,0.748,0.2600833333333334,0.592,0.11489999999999996,0.146,0.07375,0.0969,0.0391,0.0639,142666.66666666666,146000,18841.666666666668,19900.0,7.0,7.0,17.0,9,19,7,481.0,2.0,2017.0,9,19,71,тиха
2017-09-19 08:00:00,2017.0,2017.0,9.0,9,19.0,19,827.5,855,58015.0,58015,30450.0,32100,18.966666666666665,26.6,0.5399166666666667,1.17,0.2905833333333333,0.646,0.1349,0.26,0.08000833333333333,0.162,0.03913333333333333,0.0837,136916.66666666666,144000,16933.333333333332,19100.0,8.0,8.0,17.0,9,19,8,474.0,2.6,2017.0,9,19,71,тиха
2017-09-19 09:00:00,2017.0,2017.0,9.0,9,19.0,19,927.5,955,58015.0,58015,34050.0,35700,16.179166666666667,24.5,0.5373333333333333,1.11,0.2930833333333333,0.563,0.127875,0.158,0.074075,0.109,0.035833333333333335,0.054,128000.0,134000,15125.0,16900.0,9.0,9.0,17.0,9,19,9,479.0,2.6,2017.0,9,19,71,тиха
2017-09-19 10:00:00,2017.0,2017.0,9.0,9,19.0,19,1027.5,1055,58015.0,58015,37650.0,39300,11.481666666666667,14.6,0.6359166666666667,1.2,0.2990833333333333,0.639,0.13323333333333334,0.22,0.08574166666666666,0.137,0.04335833333333333,0.0787,119416.66666666667,134000,13666.666666666666,17100.0,10.0,10.0,17.0,9,19,10,471.0,2.4,2017.0,9,19,71,тиха
2017-09-19 11:00:00,2017.0,2017.0,9.0,9,19.0,19,1127.5,1155,58015.0,58015,41250.0,42900,11.624166666666666,17.2,0.5553333333333332,1.26,0.29291666666666666,0.658,0.11706666666666667,0.163,0.067225,0.0887,0.03031666666666667,0.0441,145333.33333333334,151000,20091.666666666668,21800.0,11.0,11.0,17.0,9,19,11,474.0,1.9,2017.0,9,19,71,тиха
2017-09-19 12:00:00,2017.0,2017.0,9.0,9,19.0,19,1227.5,1255,58015.0,58015,44850.0,46500,12.531666666666666,15.5,0.53125,0.883,0.25525,0.545,0.10889166666666666,0.127,0.06408333333333334,0.0986,0.031133333333333332,0.0688,151000.0,151000,22458.333333333332,23600.0,12.0,12.0,17.0,9,19,12,471.0,2.1,2017.0,9,19,71,тиха
2017-09-19 13:00:00,2017.0,2017.0,9.0,9,19.0,19,1327.5,1355,58015.0,58015,48450.0,50100,14.024999999999999,21.2,0.5845833333333333,1.07,0.34049999999999997,0.554,0.11950000000000004,0.152,0.07078333333333335,0.0935,0.033575,0.0594,155000.0,159000,24191.666666666668,26800.0,13.0,13.0,17.0,9,19,13,492.0,1.8,2017.0,9,19,71,тиха
2017-09-19 14:00:00,2017.0,2017.0,9.0,9,19.0,19,1427.5,1455,58015.0,58015,52050.0,53700,22.424999999999997,32.0,0.47533333333333333,0.721,0.2684166666666667,0.41,0.12686666666666668,0.251,0.07475,0.161,0.03269166666666666,0.0515,171666.66666666666,176000,30116.666666666668,33100.0,14.0,14.0,17.0,9,19,14,475.0,2.5,2017.0,9,19,71,тиха
2017-09-19 15:00:00,2017.0,2017.0,9.0,9,19.0,19,1527.5,1555,58015.0,58015,55650.0,57300,33.475,51.3,0.5195833333333333,1.01,0.28591666666666665,0.56,0.11518333333333335,0.155,0.06925833333333335,0.102,0.034283333333333325,0.0664,187333.33333333334,197000,38675.0,43700.0,15.0,15.0,17.0,9,19,15,487.0,2.1,2017.0,9,19,71,тиха
2017-09-19 16:00:00,2017.0,2017.0,9.0,9,19.0,19,1627.5,1655,58015.0,58015,59250.0,60900,37.75833333333333,48.0,0.4340833333333334,0.66,0.2515,0.426,0.12920833333333334,0.26,0.07891666666666668,0.147,0.03545833333333333,0.0675,196666.66666666666,197000,46116.666666666664,49800.0,16.0,16.0,17.0,9,19,16,512.0,1.2,2017.0,9,19,71,тиха
2017-09-19 17:00:00,2017.0,2017.0,9.0,9,19.0,19,1727.5,1755,58015.0,58015,62850.0,64500,40.666666666666664,56.2,0.4695000000000001,1.12,0.28241666666666665,0.547,0.11729999999999997,0.152,0.06861666666666666,0.0983,0.03245,0.0465,206250.0,208000,53975.0,56700.0,17.0,17.0,17.0,9,19,17,492.0,1.5,2017.0,9,19,71,тиха
2017-09-19 18:00:00,2017.0,2017.0,9.0,9,19.0,19,1827.5,1855,58015.0,58015,66450.0,68100,48.91666666666668,73.8,0.35333333333333333,0.521,0.22625000000000003,0.315,0.11710833333333333,0.224,0.0768,0.192,0.037683333333333326,0.0915,220500.0,229000,64408.333333333336,69600.0,18.0,18.0,17.0,9,19,18,478.0,1.8,2017.0,9,19,71,тиха
2017-09-19 19:00:00,2017.0,2017.0,9.0,9,19.0,19,1927.5,1955,58015.0,58015,70050.0,71700,44.35833333333333,57.0,0.31816666666666665,0.723,0.21983333333333335,0.366,0.11,0.156,0.06548333333333334,0.0889,0.029649999999999996,0.0465,239416.66666666666,250000,83250.0,92600.0,19.0,19.0,17.0,9,19,19,481.0,2.0,2017.0,9,19,71,тиха
2017-09-19 20:00:00,2017.0,2017.0,9.0,9,19.0,19,2027.5,2055,58015.0,58015,73650.0,75300,49.60833333333334,68.6,0.35025,0.492,0.23416666666666666,0.41,0.11435,0.152,0.07755,0.113,0.039641666666666665,0.0837,250250.0,252000,98391.66666666667,107000.0,20.0,20.0,17.0,9,19,20,471.0,2.5,2017.0,9,19,71,тиха
2017-09-19 21:00:00,2017.0,2017.0,9.0,9,19.0,19,2127.5,2155,58015.0,58015,77250.0,78900,39.449999999999996,58.4,0.31475000000000003,0.477,0.23916666666666672,0.437,0.126525,0.165,0.08594166666666668,0.153,0.045683333333333326,0.081,253916.66666666666,259000,106916.66666666667,110000.0,21.0,21.0,17.0,9,19,21,458.0,2.8,2017.0,9,19,71,тиха
2017-09-19 22:00:00,2017.0,2017.0,9.0,9,19.0,19,2227.5,2255,58015.0,58015,80850.0,82500,40.36666666666666,59.3,0.4044166666666667,0.627,0.25325000000000003,0.365,0.11375,0.181,0.07275000000000001,0.0975,0.038125,0.0513,244416.66666666666,250000,93416.66666666667,102000.0,22.0,22.0,17.0,9,19,22,461.0,2.5,2017.0,9,19,71,тиха
2017-09-19 23:00:00,2017.0,2017.0,9.0,9,19.0,19,2327.5,2355,58015.0,58015,84450.0,86100,41.59166666666666,54.9,0.41558333333333336,0.572,0.24691666666666667,0.41,0.12211666666666665,0.301,0.07863333333333332,0.2,0.033475,0.0608,232833.33333333334,237000,80216.66666666667,84800.0,23.0,23.0,17.0,9,19,23,457.0,3.0,2017.0,9,19,71,тиха
2017-09-20 00:00:00,2017.0,2017.0,9.0,9,20.0,20,27.5,55,58016.0,58016,1650.0,3300,47.166666666666664,71.7,0.5235833333333334,0.959,0.2740833333333334,0.523,0.11369166666666665,0.157,0.07655833333333333,0.103,0.04349166666666667,0.076,221750.0,229000,66358.33333333333,72700.0,0.0,0.0,17.0,9,20,0,459.0,2.6,2017.0,9,20,74,тиха
2017-09-20 01:00:00,2017.0,2017.0,9.0,9,20.0,20,127.5,155,58016.0,58016,5250.0,6900,27.333333333333332,38.0,0.4495833333333334,0.648,0.25375,0.513,0.1249,0.213,0.08025833333333332,0.174,0.03626666666666666,0.0727,200333.33333333334,218000,51775.0,65600.0,1.0,1.0,17.0,9,20,1,464.0,2.2,2017.0,9,20,74,тиха
2017-09-20 02:00:00,2017.0,2017.0,9.0,9,20.0,20,227.5,255,58016.0,58016,8850.0,10500,30.000833333333333,48.5,0.5566666666666666,1.03,0.2524166666666667,0.501,0.10145833333333333,0.152,0.06434166666666667,0.0982,0.02981666666666666,0.0612,167666.66666666666,196000,34183.333333333336,46400.0,2.0,2.0,17.0,9,20,2,463.0,2.0,2017.0,9,20,74,тиха
2017-09-20 03:00:00,2017.0,2017.0,9.0,9,20.0,20,327.5,355,58016.0,58016,12450.0,14100,21.900000000000002,33.6,0.4945833333333334,0.71,0.246,0.449,0.12978333333333333,0.346,0.06968333333333333,0.162,0.026975,0.0389,116766.66666666667,157000,17822.5,29000.0,3.0,3.0,17.0,9,20,3,460.0,2.3,2017.0,9,20,74,тиха
2017-09-20 04:00:00,2017.0,2017.0,9.0,9,20.0,20,427.5,455,58016.0,58016,16050.0,17700,18.279999999999998,26.5,0.4965833333333334,1.03,0.2744166666666666,0.574,0.10408333333333335,0.159,0.06795,0.101,0.0341,0.0711,119216.66666666667,163000,17308.333333333332,31400.0,4.0,4.0,17.0,9,20,4,464.0,1.8,2017.0,9,20,74,тиха
2017-09-20 05:00:00,2017.0,2017.0,9.0,9,20.0,20,527.5,555,58016.0,58016,19650.0,21300,17.075,27.8,0.3730833333333334,0.533,0.18966666666666665,0.259,0.09485833333333332,0.118,0.06660833333333332,0.0935,0.03129166666666667,0.0522,109558.33333333333,125000,14325.0,18700.0,5.0,5.0,17.0,9,20,5,468.0,2.0,2017.0,9,20,74,тиха
2017-09-20 06:00:00,2017.0,2017.0,9.0,9,20.0,20,627.5,655,58016.0,58016,23250.0,24900,9.378333333333332,12.7,0.6676666666666669,1.06,0.33925,0.641,0.117075,0.296,0.07414166666666666,0.179,0.034975,0.0612,84475.0,97000,8913.333333333334,11400.0,6.0,6.0,17.0,9,20,6,462.0,1.8,2017.0,9,20,74,тиха
2017-09-20 07:00:00,2017.0,2017.0,9.0,9,20.0,20,727.5,755,58016.0,58016,26850.0,28500,9.074166666666667,12.3,0.5791666666666666,0.896,0.2813333333333333,0.556,0.12312499999999998,0.217,0.0768,0.124,0.035949999999999996,0.0733,92766.66666666667,110000,11322.5,15100.0,7.0,7.0,17.0,9,20,7,464.0,1.6,2017.0,9,20,74,тиха
2017-09-20 08:00:00,2017.0,2017.0,9.0,9,20.0,20,827.5,855,58016.0,58016,30450.0,32100,9.973333333333331,15.3,0.7125,1.23,0.316,0.603,0.11959166666666667,0.325,0.07644166666666667,0.196,0.031199999999999995,0.0588,98900.0,105000,12700.0,14300.0,8.0,8.0,17.0,9,20,8,460.0,2.2,2017.0,9,20,74,тиха
2017-09-20 09:00:00,2017.0,2017.0,9.0,9,20.0,20,927.5,955,58016.0,58016,34050.0,35700,8.18,15.5,0.5034166666666667,0.952,0.22308333333333338,0.369,0.11635833333333334,0.21,0.07731666666666666,0.16,0.033025,0.0588,84175.0,93100,9449.166666666666,10900.0,9.0,9.0,17.0,9,20,9,460.0,2.3,2017.0,9,20,74,тиха
2017-09-20 10:00:00,2017.0,2017.0,9.0,9,20.0,20,1027.5,1055,58016.0,58016,37650.0,39300,13.777500000000003,25.3,0.4030833333333333,0.565,0.21375,0.315,0.12449166666666668,0.226,0.08631666666666667,0.151,0.045149999999999996,0.0868,107041.66666666667,122000,14100.833333333334,17900.0,10.0,10.0,17.0,9,20,10,462.0,1.9,2017.0,9,20,74,тиха
2017-09-20 11:00:00,2017.0,2017.0,9.0,9,20.0,20,1127.5,1155,58016.0,58016,41250.0,42900,8.784999999999998,15.6,0.5219999999999999,0.739,0.26341666666666663,0.51,0.13530833333333334,0.378,0.08500833333333334,0.229,0.03444166666666667,0.0677,117250.0,122000,16891.666666666668,18300.0,11.0,11.0,17.0,9,20,11,459.0,2.1,2017.0,9,20,74,тиха
2017-09-20 12:00:00,2017.0,2017.0,9.0,9,20.0,20,1227.5,1255,58016.0,58016,44850.0,46500,11.701666666666666,19.8,0.47841666666666655,0.82,0.2475833333333333,0.539,0.11544166666666668,0.174,0.07095,0.117,0.037358333333333334,0.0835,112666.66666666667,122000,16258.333333333334,18400.0,12.0,12.0,17.0,9,20,12,451.0,2.4,2017.0,9,20,74,тиха
2017-09-20 13:00:00,2017.0,2017.0,9.0,9,20.0,20,1327.5,1355,58016.0,58016,48450.0,50100,14.3225,21.6,0.45,0.768,0.20716666666666672,0.338,0.09453333333333332,0.14,0.06004999999999999,0.087,0.028224999999999997,0.0538,127166.66666666667,137000,21133.333333333332,24300.0,13.0,13.0,17.0,9,20,13,451.0,2.6,2017.0,9,20,74,тиха
2017-09-20 14:00:00,2017.0,2017.0,9.0,9,20.0,20,1427.5,1455,58016.0,58016,52050.0,53700,47.44999999999999,115.0,0.48575000000000007,0.858,0.24133333333333332,0.486,0.11564166666666668,0.168,0.07563333333333334,0.142,0.03679166666666667,0.0668,148166.66666666666,167000,28716.666666666668,37800.0,14.0,14.0,17.0,9,20,14,450.0,2.0,2017.0,9,20,74,тиха
2017-09-20 15:00:00,2017.0,2017.0,9.0,9,20.0,20,1527.5,1555,58016.0,58016,55650.0,57300,25.333333333333332,32.6,0.317,0.642,0.20525000000000002,0.418,0.097325,0.166,0.06889166666666667,0.13,0.033975,0.0518,167583.33333333334,176000,40508.333333333336,44600.0,15.0,15.0,17.0,9,20,15,444.0,1.6,2017.0,9,20,74,тиха
2017-09-20 16:00:00,2017.0,2017.0,9.0,9,20.0,20,1627.5,1655,58016.0,58016,59250.0,60900,33.474999999999994,60.3,0.342,0.453,0.2394166666666667,0.387,0.11055833333333331,0.164,0.075225,0.116,0.03726666666666667,0.081,180000.0,186000,50450.0,54400.0,16.0,16.0,17.0,9,20,16,441.0,1.9,2017.0,9,20,74,тиха
2017-09-20 17:00:00,2017.0,2017.0,9.0,9,20.0,20,1727.5,1755,58016.0,58016,62850.0,64500,44.73333333333333,66.0,0.2936666666666667,0.436,0.19858333333333333,0.301,0.10344166666666667,0.221,0.07339166666666667,0.167,0.035225,0.0588,190833.33333333334,197000,60700.0,66200.0,17.0,17.0,17.0,9,20,17,447.0,2.2,2017.0,9,20,74,тиха
2017-09-20 18:00:00,2017.0,2017.0,9.0,9,20.0,20,1827.5,1855,58016.0,58016,66450.0,68100,54.50833333333333,76.5,0.2796666666666667,0.456,0.20875000000000002,0.301,0.10961666666666665,0.22,0.06844166666666666,0.137,0.03155,0.0463,208833.33333333334,223000,79450.0,95600.0,18.0,18.0,17.0,9,20,18,450.0,2.1,2017.0,9,20,74,тиха
2017-09-20 19:00:00,2017.0,2017.0,9.0,9,20.0,20,1927.5,1955,58016.0,58016,70050.0,71700,91.46666666666665,117.0,0.3329166666666667,0.67,0.19874999999999998,0.41,0.09514166666666664,0.13,0.0657,0.104,0.03550833333333333,0.0785,218750.0,229000,91733.33333333333,100000.0,19.0,19.0,17.0,9,20,19,448.0,2.7,2017.0,9,20,74,тиха
2017-09-20 20:00:00,2017.0,2017.0,9.0,9,20.0,20,2027.5,2055,58016.0,58016,73650.0,75300,91.175,131.0,0.28550000000000003,0.455,0.20058333333333334,0.294,0.09097499999999999,0.136,0.06041666666666667,0.0959,0.029024999999999995,0.0483,212333.33333333334,218000,85025.0,96600.0,20.0,20.0,17.0,9,20,20,449.0,3.2,2017.0,9,20,74,тиха
2017-09-20 21:00:00,2017.0,2017.0,9.0,9,20.0,20,2127.5,2155,58016.0,58016,77250.0,78900,84.36666666666666,118.0,0.26683333333333337,0.493,0.19300000000000003,0.328,0.09432499999999999,0.124,0.06564166666666667,0.1,0.031525,0.0514,200250.0,208000,72833.33333333333,78800.0,21.0,21.0,17.0,9,20,21,455.0,3.8,2017.0,9,20,74,тиха
2017-09-20 22:00:00,2017.0,2017.0,9.0,9,20.0,20,2227.5,2255,58016.0,58016,80850.0,82500,71.70833333333333,114.0,0.25958333333333333,0.386,0.20891666666666667,0.346,0.09890833333333333,0.168,0.06987499999999998,0.139,0.03551666666666667,0.0613,190333.33333333334,197000,61433.333333333336,66800.0,22.0,22.0,17.0,9,20,22,453.0,2.8,2017.0,9,20,74,тиха
2017-09-20 23:00:00,2017.0,2017.0,9.0,9,20.0,20,2327.5,2355,58016.0,58016,84450.0,86100,59.583333333333336,91.5,0.24408333333333335,0.373,0.18466666666666665,0.333,0.09683333333333334,0.159,0.0648,0.104,0.035074999999999995,0.0662,178333.33333333334,184000,51841.666666666664,54800.0,23.0,23.0,17.0,9,20,23,455.0,2.2,2017.0,9,20,74,тиха
2017-09-21 00:00:00,2017.0,2017.0,9.0,9,21.0,21,27.5,55,58017.0,58017,1650.0,3300,46.425000000000004,71.1,0.2808333333333333,0.419,0.20158333333333336,0.335,0.1173,0.253,0.0784,0.16,0.036325,0.0613,170166.66666666666,180000,45450.0,51500.0,0.0,0.0,17.0,9,21,0,452.0,1.9,2017.0,9,21,73,тиха
2017-09-21 01:00:00,2017.0,2017.0,9.0,9,21.0,21,127.5,155,58017.0,58017,5250.0,6900,37.40833333333333,56.3,0.26825000000000004,0.375,0.19666666666666668,0.335,0.116075,0.255,0.07819166666666667,0.16,0.03948333333333333,0.0737,159833.33333333334,164000,38200.0,41400.0,1.0,1.0,17.0,9,21,1,453.0,1.9,,,,,тиха
2017-09-21 02:00:00,2017.0,2017.0,9.0,9,21.0,21,227.5,255,58017.0,58017,8850.0,10500,36.841666666666676,48.6,0.3572499999999999,0.774,0.22933333333333336,0.493,0.10084166666666666,0.154,0.07156666666666665,0.129,0.038883333333333325,0.0737,150583.33333333334,158000,32333.333333333332,36000.0,2.0,2.0,17.0,9,21,2,453.0,1.9,,,,,тиха
2017-09-21 03:00:00,2017.0,2017.0,9.0,9,21.0,21,327.5,355,58017.0,58017,12450.0,14100,27.325000000000003,39.8,0.38033333333333325,0.678,0.19874999999999998,0.411,0.09375,0.126,0.06861666666666667,0.0941,0.035458333333333335,0.0691,135083.33333333334,143000,24566.666666666668,28600.0,3.0,3.0,17.0,9,21,3,450.0,2.0,,,,,тиха
2017-09-21 04:00:00,2017.0,2017.0,9.0,9,21.0,21,427.5,455,58017.0,58017,16050.0,17700,16.55,29.8,0.39325000000000004,0.591,0.1964166666666667,0.272,0.10561666666666668,0.185,0.07189166666666666,0.111,0.031249999999999997,0.042,120833.33333333333,131000,18641.666666666668,21900.0,4.0,4.0,17.0,9,21,4,452.0,2.1,,,,,тиха
2017-09-21 05:00:00,2017.0,2017.0,9.0,9,21.0,21,527.5,555,58017.0,58017,19650.0,21300,9.0725,15.2,0.5338333333333334,0.878,0.2559166666666666,0.422,0.10389166666666667,0.148,0.07075833333333333,0.0987,0.037933333333333326,0.0662,99925.0,109000,12593.333333333334,15100.0,5.0,5.0,17.0,9,21,5,445.0,1.7,,,,,тиха
2017-09-21 06:00:00,2017.0,2017.0,9.0,9,21.0,21,627.5,655,58017.0,58017,23250.0,24900,9.601666666666667,27.5,0.5165833333333333,0.943,0.24691666666666665,0.449,0.102425,0.132,0.0726,0.101,0.03698333333333333,0.0761,89841.66666666667,129000,12579.166666666666,23800.0,6.0,6.0,17.0,9,21,6,443.0,1.5,,,,,тиха
2017-09-21 07:00:00,2017.0,2017.0,9.0,9,21.0,21,727.5,755,58017.0,58017,26850.0,28500,9.558333333333334,12.8,0.4335833333333334,0.758,0.22133333333333335,0.384,0.08810000000000001,0.176,0.06174999999999999,0.127,0.0277,0.0461,132250.0,139000,26158.333333333332,28800.0,7.0,7.0,17.0,9,21,7,434.0,1.5,,,,,тиха
2017-09-21 08:00:00,2017.0,2017.0,9.0,9,21.0,21,827.5,855,58017.0,58017,30450.0,32100,8.098333333333333,10.2,0.5309999999999999,0.921,0.25866666666666666,0.488,0.11936666666666666,0.304,0.08383333333333333,0.199,0.036675,0.0601,105916.66666666667,113000,19191.666666666668,21300.0,8.0,8.0,17.0,9,21,8,431.0,1.7,,,,,тиха
2017-09-21 09:00:00,2017.0,2017.0,9.0,9,21.0,21,927.5,955,58017.0,58017,34050.0,35700,5.748333333333334,8.17,0.47091666666666665,0.83,0.23591666666666666,0.508,0.119925,0.297,0.08280833333333333,0.185,0.038841666666666656,0.0761,87166.66666666667,104000,13641.666666666666,18500.0,9.0,9.0,17.0,9,21,9,447.0,1.0,,,,,тиха
2017-09-21 10:00:00,2017.0,2017.0,9.0,9,21.0,21,1027.5,1055,58017.0,58017,37650.0,39300,6.7683333333333335,9.85,0.48633333333333334,0.98,0.25425,0.409,0.11204999999999998,0.233,0.07608333333333334,0.161,0.035208333333333335,0.062,82975.0,93700,13583.333333333334,16300.0,10.0,10.0,17.0,9,21,10,438.0,1.0,,,,,тиха
2017-09-21 11:00:00,2017.0,2017.0,9.0,9,21.0,21,1127.5,1155,58017.0,58017,41250.0,42900,8.500000000000002,11.9,0.5249166666666667,0.875,0.2544166666666666,0.519,0.10393333333333334,0.147,0.07668333333333334,0.135,0.03974999999999999,0.0761,86983.33333333333,92900,15216.666666666666,17100.0,11.0,11.0,17.0,9,21,11,419.0,1.7,,,,,тиха
2017-09-21 12:00:00,2017.0,2017.0,9.0,9,21.0,21,1227.5,1255,58017.0,58017,44850.0,46500,14.343333333333334,22.2,0.4011666666666667,0.556,0.19491666666666665,0.333,0.09516666666666668,0.137,0.06600833333333334,0.0991,0.036125,0.0705,98750.0,106000,20175.0,22500.0,12.0,12.0,17.0,9,21,12,414.0,1.8,,,,,тиха
2017-09-21 13:00:00,2017.0,2017.0,9.0,9,21.0,21,1327.5,1355,58017.0,58017,48450.0,50100,21.45,26.3,0.5612499999999999,0.954,0.2943333333333334,0.543,0.10999166666666667,0.136,0.07128333333333334,0.0965,0.038075,0.0613,106916.66666666667,113000,23283.333333333332,24500.0,13.0,13.0,17.0,9,21,13,397.0,1.9,,,,,тиха
2017-09-21 14:00:00,2017.0,2017.0,9.0,9,21.0,21,1427.5,1455,58017.0,58017,52050.0,53700,21.399999999999995,31.2,0.35325000000000006,0.551,0.20733333333333334,0.328,0.11173333333333334,0.216,0.07892500000000001,0.135,0.03916666666666666,0.0687,133916.66666666666,143000,32541.666666666668,37800.0,14.0,14.0,17.0,9,21,14,382.0,2.1,,,,,тиха
2017-09-21 15:00:00,2017.0,2017.0,9.0,9,21.0,21,1527.5,1555,58017.0,58017,55650.0,57300,28.891666666666662,41.9,0.2996666666666667,0.629,0.20274999999999999,0.466,0.09767500000000001,0.151,0.06500833333333333,0.101,0.035191666666666656,0.0687,148666.66666666666,151000,41091.666666666664,43400.0,15.0,15.0,17.0,9,21,15,381.0,2.2,,,,,тиха
2017-09-21 16:00:00,2017.0,2017.0,9.0,9,21.0,21,1627.5,1655,58017.0,58017,59250.0,60900,32.45833333333333,44.5,0.302,0.822,0.20233333333333334,0.459,0.09251666666666668,0.149,0.06846666666666666,0.125,0.035283333333333326,0.0686,147166.66666666666,151000,42008.333333333336,43700.0,16.0,16.0,17.0,9,21,16,375.0,2.3,,,,,тиха
2017-09-21 17:00:00,2017.0,2017.0,9.0,9,21.0,21,1727.5,1755,58017.0,58017,62850.0,64500,51.76666666666666,77.2,0.28500000000000003,0.341,0.18966666666666665,0.266,0.095725,0.188,0.06650833333333332,0.139,0.03277499999999999,0.0761,155750.0,159000,49458.333333333336,51200.0,17.0,17.0,17.0,9,21,17,365.0,3.0,,,,,тиха
2017-09-21 18:00:00,2017.0,2017.0,9.0,9,21.0,21,1827.5,1855,58017.0,58017,66450.0,68100,57.599999999999994,82.0,0.2569166666666667,0.425,0.1791666666666667,0.263,0.09763333333333335,0.163,0.071875,0.116,0.039924999999999995,0.0811,170000.0,176000,60341.666666666664,65900.0,18.0,18.0,17.0,9,21,18,375.0,2.8,,,,,тиха
2017-09-21 19:00:00,2017.0,2017.0,9.0,9,21.0,21,1927.5,1955,58017.0,58017,70050.0,71700,63.16666666666668,93.1,0.37250000000000005,0.795,0.22983333333333333,0.472,0.11064166666666668,0.157,0.07429999999999999,0.105,0.04019166666666666,0.0687,180250.0,186000,65750.0,66800.0,19.0,19.0,17.0,9,21,19,394.0,1.3,,,,,тиха
2017-09-21 20:00:00,2017.0,2017.0,9.0,9,21.0,21,2027.5,2055,58017.0,58017,73650.0,75300,42.1025,78.9,0.39749999999999996,0.833,0.22683333333333333,0.429,0.08932499999999999,0.138,0.06998333333333333,0.105,0.03969166666666667,0.0737,178750.0,186000,63175.0,70500.0,20.0,20.0,17.0,9,21,20,379.0,1.8,,,,,тиха
2017-09-21 21:00:00,2017.0,2017.0,9.0,9,21.0,21,2127.5,2155,58017.0,58017,77250.0,78900,50.78333333333333,71.7,0.48924999999999996,0.788,0.3175833333333334,0.501,0.12135833333333336,0.204,0.07746666666666667,0.147,0.03341666666666667,0.0524,175833.33333333334,177000,58350.0,60300.0,21.0,21.0,17.0,9,21,21,380.0,1.8,,,,,тиха
2017-09-21 22:00:00,2017.0,2017.0,9.0,9,21.0,21,2227.5,2255,58017.0,58017,80850.0,82500,39.0,48.8,0.3499999999999999,0.536,0.20025,0.31,0.09435833333333334,0.143,0.07063333333333333,0.108,0.0396,0.0798,167750.0,176000,49366.666666666664,54400.0,22.0,22.0,17.0,9,21,22,387.0,1.1,,,,,тиха
2017-09-21 23:00:00,2017.0,2017.0,9.0,9,21.0,21,2327.5,2355,58017.0,58017,84450.0,86100,28.825,42.1,0.465,0.861,0.25783333333333336,0.506,0.11357500000000002,0.168,0.07810833333333332,0.111,0.045125,0.0733,150083.33333333334,160000,37525.0,44400.0,23.0,23.0,17.0,9,21,23,380.0,1.0,,,,,тиха
2017-09-22 00:00:00,,,,,,,,,,,,,,,,,,,,,,,,,,,,,0.0,0.0,17.0,9,22,0,381.0,1.0,,,,,невідомо
